"CLIENTNUM","CUSTOMER_AGE","GENDER","DEPENDENT_COUNT","EDUCATION_LEVEL","MARITAL_STATUS","INCOME_CATEGORY","CARD_CATEGORY","MONTHS_ON_BOOK","TOTAL_RELATIONSHIP_COUNT","MONTHS_INACTIVE_12_MON","CONTACTS_COUNT_12_MON","CREDIT_LIMIT","TOTAL_REVOLVING_BAL","AVG_OPEN_TO_BUY","TOTAL_TRANS_AMT","TOTAL_TRANS_CT","AVG_UTILIZATION_RATIO"
828343083,43,F,4,High School,Unknown,Less than $40K,Blue,39,3,3,3,2786,1793,993,3646,68,0.644
828298908,54,M,4,Graduate,Married,$120K +,Blue,50,4,2,0,2872,2035,837,1770,47,0.709
828294933,49,F,3,High School,Married,Less than $40K,Blue,45,3,2,3,2951,2437,514,2519,36,0.826
828291858,38,M,3,College,Single,$60K - $80K,Blue,34,6,3,4,12050,1821,10229,2381,40,0.151
828288333,50,M,0,Uneducated,Married,$60K - $80K,Blue,46,4,1,3,3640,659,2981,3756,70,0.181
828285858,41,F,3,College,Married,Less than $40K,Blue,37,3,1,2,1438,765,673,4053,66,0.532
828281733,43,M,4,Unknown,Married,$120K +,Blue,39,3,3,3,14881,848,14033,1408,23,0.057
828236133,49,M,2,Graduate,Married,$40K - $60K,Blue,45,4,2,0,10541,1387,9154,4269,92,0.132
828227433,50,M,2,High School,Single,$60K - $80K,Blue,46,6,2,4,5626,778,4848,4957,84,0.138
828215508,55,F,2,Graduate,Unknown,Less than $40K,Blue,50,4,4,3,1438,0,1438,1785,33,0.0
827984658,49,M,3,Post-Graduate,Married,$80K - $120K,Blue,45,3,0,4,23870,0,23870,1885,39,0.0
827970933,46,F,4,Graduate,Married,Less than $40K,Blue,42,4,2,0,3504,1698,1806,4439,70,0.485
827968383,43,F,3,High School,Unknown,Less than $40K,Blue,39,5,3,2,3370,2284,1086,4084,70,0.678
827964858,58,F,1,Uneducated,Divorced,Unknown,Blue,54,3,5,3,3266,859,2407,2151,46,0.263
827953683,41,M,2,Graduate,Married,$60K - $80K,Blue,37,1,2,1,3786,1171,2615,5369,75,0.309
827948133,47,F,3,Graduate,Single,Less than $40K,Blue,43,4,2,4,5062,1423,3639,4535,68,0.281
827904183,40,M,4,Uneducated,Married,$120K +,Blue,36,2,2,2,17606,1377,16229,8104,83,0.078
827901183,51,F,2,Graduate,Married,Less than $40K,Blue,47,2,2,1,5118,980,4138,14593,109,0.191
827898033,54,F,1,Uneducated,Married,Unknown,Blue,50,4,0,3,2912,0,2912,2465,54,0.0
827890758,39,F,1,Uneducated,Single,Less than $40K,Blue,35,5,3,0,2062,1302,760,3785,63,0.631
827888433,43,M,4,Uneducated,Single,$40K - $60K,Blue,39,5,2,2,6648,2242,4406,2089,60,0.337
827712108,42,F,5,Graduate,Married,Less than $40K,Blue,38,5,1,2,2346,1373,973,4432,72,0.585
827703258,42,M,4,High School,Married,$60K - $80K,Blue,38,2,2,2,13426,0,13426,4674,66,0.0
827695683,40,M,3,Uneducated,Single,$120K +,Blue,36,4,2,5,34516,1329,33187,3906,77,0.039
827691858,46,F,3,College,Single,Less than $40K,Blue,42,3,2,4,7616,1251,6365,2006,52,0.164
827683383,48,F,3,Uneducated,Divorced,Less than $40K,Blue,44,3,2,1,4107,2517,1590,16027,112,0.613
827643858,45,F,2,Unknown,Single,Less than $40K,Blue,41,6,2,2,5596,0,5596,3212,64,0.0
827635083,59,F,0,Graduate,Unknown,Unknown,Blue,55,4,3,3,1438,755,683,4222,75,0.525
827631483,57,M,1,High School,Married,$80K - $120K,Blue,53,3,2,4,25058,1710,23348,2053,55,0.068
827628408,40,M,4,Graduate,Married,$80K - $120K,Blue,36,3,3,2,2165,1465,700,3672,64,0.677
827619933,48,M,2,Uneducated,Single,$40K - $60K,Blue,44,3,1,2,9673,0,9673,3541,87,0.0
827476983,56,F,2,College,Single,Less than $40K,Blue,52,3,5,1,3639,2178,1461,1865,42,0.599
827451333,54,F,2,Uneducated,Married,Less than $40K,Blue,50,3,6,3,2247,0,2247,2615,37,0.0
827442858,56,M,3,High School,Divorced,$80K - $120K,Blue,52,2,3,1,8111,2051,6060,3719,69,0.253
827440458,48,M,4,College,Married,$80K - $120K,Blue,44,2,3,3,9524,1449,8075,7527,58,0.152
827436483,48,M,1,Graduate,Married,$80K - $120K,Blue,44,6,1,3,2916,0,2916,4336,72,0.0
827423433,41,F,4,Graduate,Divorced,Less than $40K,Blue,37,5,1,4,7492,1399,6093,3668,67,0.187
827408058,44,F,3,Graduate,Married,Less than $40K,Blue,40,6,2,2,2232,2002,230,3803,68,0.897
827360883,47,F,3,High School,Married,Unknown,Blue,43,4,3,2,13473,1335,12138,1593,46,0.099
827341383,38,M,3,Graduate,Single,Less than $40K,Blue,34,5,3,2,3094,1317,1777,3607,81,0.426
827332983,46,M,3,High School,Single,$80K - $120K,Gold,42,3,2,2,34516,2113,32403,1362,31,0.061
827318958,49,F,4,Unknown,Single,Less than $40K,Blue,45,5,3,2,9431,1785,7646,14261,99,0.189
827123883,53,M,4,High School,Single,$60K - $80K,Blue,49,5,1,2,3858,0,3858,4472,92,0.0
827117808,45,M,1,Graduate,Single,$60K - $80K,Blue,41,2,3,2,9904,2513,7391,1152,28,0.254
827114058,46,M,4,Post-Graduate,Married,$60K - $80K,Blue,42,6,2,1,11634,0,11634,4447,74,0.0
827111283,45,M,3,Graduate,Single,$80K - $120K,Blue,41,2,2,2,32426,578,31848,1109,28,0.018
827108583,55,M,3,High School,Single,$120K +,Blue,51,3,1,3,34516,1266,33250,1161,26,0.037
827100333,49,F,3,High School,Married,Less than $40K,Blue,45,3,3,2,1438,726,712,5208,93,0.505
827074758,42,F,3,Uneducated,Single,Less than $40K,Blue,38,4,1,4,1538,868,670,5228,61,0.564
827062158,58,M,2,High School,Single,$80K - $120K,Blue,54,6,3,2,22981,1696,21285,4192,66,0.074
827055333,43,M,3,Graduate,Single,$40K - $60K,Blue,39,5,3,5,8513,1042,7471,2015,37,0.122
827051808,44,F,0,College,Married,Less than $40K,Blue,40,5,4,2,7499,1083,6416,2478,45,0.144
827049558,47,M,2,Graduate,Unknown,$80K - $120K,Blue,43,3,2,2,2158,1170,988,4421,89,0.542
826808208,60,F,0,High School,Single,$40K - $60K,Blue,56,3,5,2,2213,829,1384,4210,84,0.375
826783233,57,F,3,High School,Single,Less than $40K,Blue,53,1,3,2,3029,2214,815,4750,89,0.731
826780683,40,M,3,Graduate,Married,$60K - $80K,Blue,36,6,2,2,15008,0,15008,3943,85,0.0
826775058,43,F,3,Uneducated,Married,Less than $40K,Blue,39,4,1,2,4175,2517,1658,1520,36,0.603
826762908,52,M,3,High School,Unknown,$80K - $120K,Blue,48,3,2,0,11976,1273,10703,2089,36,0.106
826723308,58,M,3,College,Married,$120K +,Blue,54,5,1,4,3452,2088,1364,1008,21,0.605
826717533,42,M,3,Graduate,Unknown,$80K - $120K,Blue,38,6,1,1,16105,724,15381,4631,76,0.045
826709658,45,F,3,Graduate,Divorced,$40K - $60K,Blue,41,1,3,3,1477,0,1477,2214,43,0.0
826706208,55,M,3,Graduate,Single,$80K - $120K,Blue,51,6,2,3,17198,0,17198,4042,62,0.0
826548708,50,M,2,Graduate,Single,$80K - $120K,Blue,46,2,3,2,5965,622,5343,4637,91,0.104
826513233,54,F,3,Unknown,Married,Less than $40K,Blue,50,6,2,2,3796,2396,1400,2069,54,0.631
826490133,42,F,4,Uneducated,Divorced,Unknown,Blue,38,6,3,2,10039,1600,8439,4685,76,0.159
826480308,53,M,3,Graduate,Unknown,$80K - $120K,Blue,49,5,2,1,4778,1869,2909,5489,74,0.391
826478958,52,M,1,College,Married,$80K - $120K,Blue,48,4,3,3,2066,1601,465,1578,41,0.775
826477083,48,F,2,College,Married,Less than $40K,Blue,44,5,1,3,4570,2439,2131,1520,34,0.534
826473858,44,M,1,College,Single,$40K - $60K,Blue,40,6,1,2,4274,1680,2594,4820,60,0.393
826471458,42,M,3,Graduate,Married,Less than $40K,Blue,38,2,3,3,6967,1767,5200,1919,38,0.254
826467333,57,M,1,High School,Single,$80K - $120K,Blue,53,4,1,3,7976,585,7391,4082,74,0.073
826451433,42,M,4,Graduate,Single,$80K - $120K,Silver,38,2,1,3,34516,2273,32243,8502,103,0.066
826421958,46,F,1,High School,Married,Less than $40K,Blue,42,5,4,1,1438,0,1438,1843,44,0.0
826417233,35,F,4,College,Married,Less than $40K,Blue,31,3,3,4,2933,1011,1922,5089,71,0.345
826414083,47,F,4,Unknown,Married,$40K - $60K,Blue,43,4,3,4,4798,1017,3781,4225,79,0.212
826410708,40,M,4,Unknown,Married,$60K - $80K,Blue,36,3,2,3,22956,1407,21549,5554,64,0.061
826401858,36,F,0,Uneducated,Divorced,Less than $40K,Blue,32,3,2,3,3687,1655,2032,2448,63,0.449
826266483,39,F,2,College,Single,Unknown,Blue,35,6,2,2,10600,598,10002,4586,81,0.056
826261008,48,F,3,Graduate,Unknown,Less than $40K,Blue,44,3,3,2,1438,0,1438,2054,46,0.0
826245858,50,M,2,Graduate,Single,$80K - $120K,Silver,40,3,4,6,34516,0,34516,7661,79,0.0
826168083,49,F,4,Unknown,Divorced,Less than $40K,Blue,45,3,3,3,1757,1307,450,4750,72,0.744
826150608,44,M,4,Uneducated,Unknown,$40K - $60K,Silver,40,1,1,2,18072,1378,16694,8199,98,0.076
826148883,45,M,2,Graduate,Married,$120K +,Blue,41,4,3,1,16453,1660,14793,14762,108,0.101
826136283,38,F,3,High School,Married,Less than $40K,Blue,34,3,3,2,2450,1981,469,4352,66,0.809
826130133,58,M,2,Graduate,Married,$120K +,Blue,54,6,2,4,31680,1812,29868,1121,25,0.057
826079508,48,M,2,Unknown,Unknown,$60K - $80K,Blue,44,4,3,3,8904,1886,7018,3654,65,0.212
826077033,46,F,2,Unknown,Married,Less than $40K,Blue,42,1,0,4,2002,0,2002,2423,39,0.0
826069983,46,F,4,Graduate,Single,Unknown,Blue,42,4,0,3,13376,1633,11743,4515,63,0.122
826068183,36,M,1,Graduate,Married,$80K - $120K,Blue,32,4,4,3,15488,1463,14025,2916,50,0.094
826065258,35,F,2,Unknown,Divorced,Unknown,Blue,31,2,2,2,19033,1555,17478,16033,116,0.082
826061508,49,F,4,Uneducated,Unknown,Less than $40K,Blue,45,1,3,1,5975,2045,3930,13090,102,0.342
825856083,39,M,1,Post-Graduate,Single,$40K - $60K,Blue,35,5,1,1,2623,2121,502,4078,70,0.809
825850383,53,F,2,Graduate,Single,Unknown,Blue,49,4,2,3,6074,0,6074,4303,77,0.0
825838908,39,F,1,Uneducated,Single,Less than $40K,Blue,35,1,5,1,1961,0,1961,4846,92,0.0
825831933,52,F,3,High School,Married,Less than $40K,Blue,48,4,2,2,3136,1103,2033,4528,81,0.352
825811158,51,F,2,High School,Single,Less than $40K,Blue,47,5,2,3,3069,2517,552,4512,83,0.82
825785508,49,M,3,High School,Single,$120K +,Blue,45,3,2,2,14699,1049,13650,4890,64,0.071
825767658,49,M,2,Graduate,Single,$60K - $80K,Gold,45,2,3,1,34516,913,33603,7711,80,0.026
825756333,55,F,0,Uneducated,Married,Less than $40K,Blue,51,4,3,1,2041,1885,156,2118,48,0.924
825753258,47,M,4,Uneducated,Married,$60K - $80K,Blue,43,4,3,1,6519,1525,4994,4495,81,0.234
825743583,39,F,2,Graduate,Single,Unknown,Silver,35,1,3,3,32089,1971,30118,13796,121,0.061
825368658,40,F,4,High School,Single,Less than $40K,Blue,36,5,5,3,2932,1664,1268,4795,82,0.568
824915208,44,F,3,Doctorate,Married,Unknown,Blue,40,2,1,1,7212,1008,6204,5169,82,0.14
824816358,36,F,1,Uneducated,Single,Less than $40K,Blue,32,2,3,2,3277,0,3277,14252,127,0.0
824812983,42,M,3,Unknown,Single,$60K - $80K,Blue,38,5,1,1,6318,1397,4921,4166,86,0.221
824807658,45,M,3,Graduate,Married,$60K - $80K,Blue,41,6,3,3,9106,2477,6629,1239,33,0.272
824805858,39,F,2,Uneducated,Single,Less than $40K,Blue,35,5,3,3,9235,1479,7756,1537,49,0.16
824799108,46,F,3,High School,Married,$40K - $60K,Blue,42,2,2,1,10901,1874,9027,7498,90,0.172
824795358,49,F,3,High School,Married,Less than $40K,Blue,45,3,3,0,1638,1038,600,4150,70,0.634
824789283,36,M,2,High School,Single,$40K - $60K,Blue,32,3,5,2,2683,1533,1150,2373,73,0.571
824782008,42,M,3,High School,Unknown,$60K - $80K,Blue,38,5,1,2,10239,510,9729,1228,26,0.05
824770683,51,F,0,Unknown,Divorced,Less than $40K,Blue,47,6,4,3,3049,1151,1898,4027,76,0.378
824763783,59,F,0,College,Single,Less than $40K,Blue,55,2,2,3,2645,1127,1518,4251,76,0.426
824761458,54,M,2,High School,Married,$80K - $120K,Blue,50,4,2,3,9519,1936,7583,2489,62,0.203
824667708,32,F,1,Graduate,Single,Less than $40K,Blue,28,6,3,3,2428,1027,1401,3007,84,0.423
824560758,35,F,3,Graduate,Single,Less than $40K,Blue,31,1,3,4,1678,0,1678,2475,61,0.0
824192658,58,F,3,Post-Graduate,Single,Less than $40K,Blue,54,4,2,3,8886,0,8886,4148,79,0.0
824177733,53,F,2,High School,Single,Less than $40K,Blue,49,1,2,3,9678,1710,7968,7682,90,0.177
824172258,34,F,2,Unknown,Divorced,Less than $40K,Blue,30,3,1,2,4408,1510,2898,4495,77,0.343
824168808,31,F,1,College,Divorced,Unknown,Blue,27,4,6,3,3647,1480,2167,2271,60,0.406
824165658,38,M,2,Unknown,Married,$80K - $120K,Blue,34,4,1,3,19259,2266,16993,1388,27,0.118
824163333,43,F,5,Uneducated,Single,Less than $40K,Blue,39,3,2,4,3161,2424,737,4307,66,0.767
824160333,56,M,2,High School,Unknown,$120K +,Blue,52,6,2,2,23362,1453,21909,15399,116,0.062
824157858,58,M,3,Graduate,Married,$80K - $120K,Blue,54,4,3,3,18713,1022,17691,1524,42,0.055
824155458,48,M,2,High School,Married,$80K - $120K,Blue,44,5,1,2,11332,1647,9685,4674,72,0.145
824150733,43,M,2,High School,Married,$80K - $120K,Silver,39,3,1,3,34516,1987,32529,16177,122,0.058
824140908,52,M,3,Uneducated,Single,$120K +,Blue,48,5,3,4,20974,0,20974,1246,27,0.0
823948308,48,M,4,Post-Graduate,Unknown,$40K - $60K,Blue,44,6,2,4,6710,1942,4768,1727,37,0.289
823928058,52,F,2,Uneducated,Married,Less than $40K,Blue,48,3,2,4,5299,578,4721,4509,79,0.109
823922208,49,M,3,Unknown,Single,$60K - $80K,Blue,45,1,1,1,2122,1101,1021,7404,103,0.519
823912308,38,F,3,Graduate,Married,Less than $40K,Blue,34,5,1,0,3402,1813,1589,1767,28,0.533
823908858,51,M,4,Unknown,Married,$80K - $120K,Blue,47,4,3,2,3861,622,3239,4816,81,0.161
823904133,53,F,2,College,Single,Unknown,Blue,49,2,2,4,10195,0,10195,2489,54,0.0
823878408,39,M,4,Graduate,Married,$80K - $120K,Blue,35,6,2,1,2981,757,2224,4824,76,0.254
823863033,52,M,2,Unknown,Married,$80K - $120K,Silver,48,6,6,1,34516,1473,33043,4254,73,0.043
823848183,39,F,1,Unknown,Single,Less than $40K,Platinum,35,1,2,3,15987,1494,14493,8438,92,0.093
823845783,53,M,2,Unknown,Married,$120K +,Blue,49,6,2,3,3386,1984,1402,1318,37,0.586
823840458,47,F,1,High School,Married,Unknown,Blue,43,4,2,2,1828,1517,311,4542,82,0.83
823837158,44,M,3,Graduate,Single,$40K - $60K,Blue,40,1,3,1,9199,1230,7969,15367,123,0.134
823833483,41,M,3,Graduate,Single,$40K - $60K,Blue,37,3,3,2,7839,1544,6295,7904,83,0.197
823648983,58,M,1,Uneducated,Single,$80K - $120K,Blue,54,1,3,1,5182,1459,3723,7960,112,0.282
823635033,49,F,2,High School,Married,Less than $40K,Blue,45,6,2,5,8353,1535,6818,4200,83,0.184
823629333,42,M,4,Uneducated,Married,$40K - $60K,Blue,38,1,4,1,2444,0,2444,4220,50,0.0
823624158,53,F,2,Doctorate,Single,Unknown,Blue,49,3,2,2,4500,0,4500,4579,78,0.0
823621083,46,M,3,Graduate,Married,$120K +,Blue,42,3,3,4,9227,938,8289,3948,74,0.102
823615983,54,M,2,Uneducated,Single,$40K - $60K,Blue,50,2,1,3,3682,2517,1165,1642,35,0.684
823609383,43,F,4,College,Unknown,$40K - $60K,Blue,39,4,1,3,1438,0,1438,4528,83,0.0
823606983,39,M,2,College,Married,$60K - $80K,Blue,35,4,3,2,7410,2517,4893,2398,37,0.34
823590483,62,F,0,Graduate,Divorced,Less than $40K,Blue,56,3,1,1,2230,1716,514,4027,75,0.77
823578483,44,F,4,High School,Single,Less than $40K,Blue,40,2,1,2,1438,1169,269,4429,78,0.813
823566408,44,F,3,Graduate,Married,Less than $40K,Blue,40,2,2,1,1438,0,1438,4625,93,0.0
823557333,43,F,2,Uneducated,Unknown,Less than $40K,Blue,39,5,3,3,2734,2517,217,4457,86,0.921
823554783,44,F,3,College,Single,Unknown,Blue,40,2,1,3,3269,0,3269,5022,85,0.0
823548858,53,F,4,Graduate,Married,Unknown,Blue,49,5,5,4,10533,330,10203,2585,48,0.031
823539558,39,F,3,Uneducated,Single,Unknown,Silver,35,2,2,3,33565,1627,31938,8360,94,0.048
823535133,45,M,2,Uneducated,Unknown,$80K - $120K,Blue,41,6,2,2,23271,1262,22009,1402,34,0.054
823528833,50,F,1,Unknown,Single,Less than $40K,Blue,46,4,2,3,2081,1235,846,1337,29,0.593
823519458,44,F,3,Graduate,Married,Less than $40K,Blue,40,1,1,3,6441,2151,4290,7123,94,0.334
823507833,44,M,4,High School,Single,$60K - $80K,Blue,40,4,3,2,14370,945,13425,4510,79,0.066
823149483,52,F,1,Post-Graduate,Single,$40K - $60K,Blue,48,1,5,3,1766,0,1766,4643,76,0.0
822984108,34,F,4,High School,Single,Less than $40K,Blue,30,4,1,3,3046,2279,767,2330,69,0.748
822969858,61,F,0,Graduate,Married,Unknown,Blue,56,4,1,3,5585,1465,4120,1787,31,0.262
822964683,51,F,1,Graduate,Single,Less than $40K,Blue,47,6,3,4,2469,1491,978,4351,62,0.604
822961533,65,F,0,College,Divorced,Unknown,Blue,56,5,2,3,13666,0,13666,3998,70,0.0
822959133,32,F,3,Post-Graduate,Married,$40K - $60K,Blue,26,4,3,3,3174,2084,1090,4508,83,0.657
822955008,63,M,1,Graduate,Single,$60K - $80K,Blue,56,3,3,2,9569,0,9569,2287,49,0.0
822952158,53,F,2,Graduate,Married,Less than $40K,Blue,49,4,2,4,1520,0,1520,4256,73,0.0
822948708,42,F,3,Uneducated,Divorced,Less than $40K,Blue,38,5,2,2,3131,849,2282,3108,62,0.271
822905058,29,F,2,Graduate,Married,Less than $40K,Blue,25,6,3,2,2732,1746,986,4702,85,0.639
822902508,41,F,3,College,Single,$40K - $60K,Blue,37,3,3,3,8376,1219,7157,4015,77,0.146
822898758,44,F,5,Post-Graduate,Married,Less than $40K,Blue,40,3,3,4,4453,973,3480,3239,66,0.219
822893133,56,F,1,Uneducated,Divorced,Unknown,Blue,52,6,1,2,17561,0,17561,1608,33,0.0
822885033,31,M,1,High School,Married,$60K - $80K,Blue,24,2,1,3,4328,1493,2835,14731,120,0.345
822170733,45,F,4,College,Single,Less than $40K,Blue,41,6,3,2,3785,2517,1268,2401,54,0.665
822138333,61,F,0,Graduate,Single,$40K - $60K,Blue,56,4,3,5,7118,813,6305,3964,66,0.114
822132858,41,M,4,Uneducated,Married,$80K - $120K,Blue,37,1,2,2,23250,0,23250,2205,43,0.0
822130683,61,M,0,Graduate,Married,$80K - $120K,Blue,56,4,2,4,8420,1389,7031,1114,34,0.165
822127008,50,F,1,Post-Graduate,Married,Unknown,Blue,46,2,2,1,19349,615,18734,4351,79,0.032
822125283,49,M,3,Uneducated,Married,$80K - $120K,Blue,45,2,1,1,4778,1351,3427,7590,74,0.283
822121608,46,M,2,High School,Unknown,$60K - $80K,Blue,42,3,3,2,7116,693,6423,4759,81,0.097
822112383,52,M,3,College,Married,$60K - $80K,Blue,48,5,1,2,1438,0,1438,3769,73,0.0
822084333,51,M,3,High School,Married,$80K - $120K,Blue,47,2,4,3,4041,0,4041,8219,84,0.0
822068583,48,F,4,Uneducated,Single,Unknown,Blue,44,4,3,0,2231,0,2231,3946,48,0.0
822063408,43,M,4,Unknown,Married,$40K - $60K,Blue,39,5,1,2,6111,2517,3594,1221,16,0.412
822061683,38,M,1,Graduate,Single,$60K - $80K,Blue,34,5,3,4,23391,1977,21414,4106,85,0.085
822056583,44,F,4,Graduate,Single,$40K - $60K,Blue,40,6,5,3,1572,874,698,4996,80,0.556
822051858,26,F,0,Graduate,Single,Less than $40K,Blue,22,3,1,3,1486,0,1486,4535,82,0.0
821889858,50,F,1,Doctorate,Single,Unknown,Blue,46,6,4,3,1970,1477,493,2493,44,0.75
821872758,65,M,0,High School,Single,Less than $40K,Silver,56,4,2,4,12609,2517,10092,2121,49,0.2
821837958,43,M,3,College,Unknown,$80K - $120K,Blue,39,3,3,1,24850,1662,23188,1226,25,0.067
821836008,57,M,2,Uneducated,Single,$80K - $120K,Blue,53,5,2,4,34516,2099,32417,1233,26,0.061
821815458,48,M,3,High School,Single,$60K - $80K,Blue,44,5,1,1,19272,1519,17753,3398,67,0.079
821813058,42,M,1,High School,Divorced,$80K - $120K,Blue,38,4,2,1,11946,1172,10774,4862,77,0.098
821797008,49,M,5,College,Married,$40K - $60K,Blue,45,2,2,3,1438,0,1438,815,21,0.0
821771508,32,M,0,High School,Married,$40K - $60K,Blue,28,5,1,2,3172,2055,1117,1939,36,0.648
821768658,52,M,0,Unknown,Single,$120K +,Blue,48,4,5,5,13114,2247,10867,2474,51,0.171
821759658,41,F,4,High School,Divorced,$40K - $60K,Blue,37,3,2,3,4650,204,4446,2014,54,0.044
821755233,40,F,2,Unknown,Married,Unknown,Blue,28,5,5,2,14999,1123,13876,3441,69,0.075
821752908,53,M,2,High School,Single,$60K - $80K,Blue,49,2,3,2,4142,2252,1890,15078,117,0.544
821749608,41,M,3,Graduate,Single,$80K - $120K,Blue,37,3,3,3,19402,0,19402,1937,51,0.0
821724483,48,M,4,Unknown,Single,$40K - $60K,Blue,43,2,3,2,11272,1744,9528,1455,34,0.155
821710308,38,F,3,Uneducated,Single,Less than $40K,Blue,33,5,3,2,2206,2018,188,1739,35,0.915
821521983,51,F,3,High School,Single,Unknown,Blue,46,4,1,4,2286,1641,645,4321,89,0.718
821424483,51,F,1,High School,Single,Less than $40K,Blue,47,4,3,1,1438,0,1438,4242,70,0.0
821370858,39,M,1,Graduate,Married,$40K - $60K,Blue,35,5,3,4,6690,1884,4806,1734,39,0.282
821356083,54,F,3,Uneducated,Married,$40K - $60K,Blue,49,3,1,3,1626,0,1626,4830,87,0.0
821351958,40,F,4,College,Married,Less than $40K,Blue,36,6,1,2,1438,0,1438,3308,54,0.0
821339433,45,F,3,Graduate,Married,Unknown,Blue,41,5,4,2,2777,2118,659,4442,64,0.763
821336133,50,F,2,High School,Single,Less than $40K,Blue,46,5,3,2,8708,996,7712,3927,60,0.114
821296083,34,F,1,College,Married,Less than $40K,Blue,30,3,3,3,2617,1010,1607,2003,47,0.386
821241708,47,M,4,Unknown,Unknown,$80K - $120K,Blue,42,1,4,1,7953,0,7953,8670,74,0.0
821179233,50,F,1,Post-Graduate,Single,$40K - $60K,Blue,46,1,3,3,1493,932,561,1554,43,0.624
821168733,38,M,3,Graduate,Married,$60K - $80K,Blue,34,6,3,3,5323,2301,3022,1783,33,0.432
821163408,41,M,3,Unknown,Married,$80K - $120K,Blue,37,5,3,3,16954,1588,15366,3411,60,0.094
821157183,42,F,5,Unknown,Married,Less than $40K,Blue,37,5,2,3,2541,1398,1143,4698,88,0.55
821150958,52,M,5,Graduate,Single,$80K - $120K,Blue,47,3,1,1,2047,665,1382,3452,66,0.325
821149008,52,M,2,Graduate,Single,$80K - $120K,Blue,48,6,2,4,34516,0,34516,1661,40,0.0
820981383,44,F,4,High School,Divorced,Less than $40K,Blue,39,5,1,4,9235,1796,7439,1739,42,0.194
820936533,47,M,3,Graduate,Unknown,Less than $40K,Blue,43,1,3,3,2781,1950,831,9331,93,0.701
820925433,50,F,2,Post-Graduate,Single,Less than $40K,Blue,45,2,3,2,1529,710,819,4751,81,0.464
820922733,43,M,2,Graduate,Married,$80K - $120K,Blue,38,2,1,2,34516,0,34516,14160,124,0.0
820920408,53,F,2,Graduate,Single,Less than $40K,Blue,48,3,2,2,3685,0,3685,4012,59,0.0
820906233,45,M,2,Graduate,Married,$40K - $60K,Blue,41,5,2,2,8532,2165,6367,3242,63,0.254
820868508,47,M,2,College,Married,$40K - $60K,Blue,43,3,4,1,7106,736,6370,5192,75,0.104
820848408,52,F,4,Uneducated,Divorced,Unknown,Blue,48,5,5,2,1438,771,667,5053,74,0.536
820694133,60,F,0,High School,Married,Unknown,Blue,55,4,1,3,5549,0,5549,2412,38,0.0
820666083,41,M,2,Graduate,Single,$120K +,Blue,37,5,3,4,27742,2517,25225,8646,85,0.091
820657083,53,M,4,College,Single,$80K - $120K,Silver,48,5,1,2,34516,800,33716,3819,72,0.023
820651908,46,F,3,Graduate,Single,$40K - $60K,Blue,41,5,2,4,7457,0,7457,3162,64,0.0
820648608,46,F,2,Post-Graduate,Married,Less than $40K,Blue,41,3,1,3,2552,1879,673,4153,79,0.736
820639908,48,F,4,High School,Married,Unknown,Blue,44,1,2,1,2625,2517,108,4378,81,0.959
820637433,45,F,3,High School,Married,Less than $40K,Blue,40,5,2,3,1603,0,1603,4041,66,0.0
820633833,64,F,1,Graduate,Single,$40K - $60K,Blue,56,5,2,4,5152,948,4204,4074,72,0.184
820622433,39,M,1,High School,Married,$120K +,Blue,34,4,2,2,3250,1698,1552,2006,58,0.522
820599333,43,F,5,Graduate,Single,Less than $40K,Blue,38,6,2,2,1438,604,834,4469,85,0.42
820596183,58,M,2,College,Married,$120K +,Blue,53,2,3,0,24407,2395,22012,2311,48,0.098
820593033,43,F,2,Graduate,Single,$40K - $60K,Silver,39,3,1,2,18524,1736,16788,4496,64,0.094
820587258,45,F,4,Graduate,Married,Less than $40K,Silver,40,2,5,2,10677,0,10677,8637,94,0.0
820584408,49,F,3,Graduate,Single,Less than $40K,Blue,44,3,3,2,4364,1507,2857,1392,38,0.345
820582308,42,M,5,Uneducated,Married,$80K - $120K,Blue,37,6,2,2,22913,1528,21385,1394,35,0.067
820394733,52,M,0,College,Married,$120K +,Gold,47,2,1,1,34516,1464,33052,7690,87,0.042
820383558,45,M,4,High School,Married,$80K - $120K,Blue,40,6,2,3,6366,1344,5022,3258,58,0.211
820355433,43,M,3,Unknown,Single,$40K - $60K,Blue,38,6,1,1,2615,0,2615,1395,34,0.0
820353558,41,F,3,High School,Married,$40K - $60K,Blue,36,4,1,2,9797,1434,8363,1503,34,0.146
820346133,59,F,2,Uneducated,Single,Less than $40K,Blue,54,5,1,2,9344,1334,8010,4154,60,0.143
820330008,46,M,5,High School,Married,$120K +,Blue,42,1,1,3,32926,1540,31386,8231,98,0.047
820288233,26,F,0,Uneducated,Single,Less than $40K,Blue,20,4,3,4,1438,0,1438,2731,39,0.0
820282383,45,F,2,Graduate,Married,Less than $40K,Blue,40,6,3,3,5848,2517,3331,2000,32,0.43
820276908,42,F,4,College,Married,$40K - $60K,Blue,37,3,3,1,4139,0,4139,2232,41,0.0
820271208,46,M,2,Graduate,Divorced,$60K - $80K,Blue,41,2,2,3,7064,1234,5830,13791,103,0.175
820268358,48,F,4,Post-Graduate,Unknown,Less than $40K,Blue,43,4,1,3,2357,1462,895,4534,75,0.62
820108008,49,M,4,Unknown,Married,$80K - $120K,Blue,44,2,3,3,12174,1361,10813,14743,121,0.112
820085808,54,F,3,Graduate,Married,Less than $40K,Blue,49,1,1,2,2598,1343,1255,4692,86,0.517
820075983,26,M,0,Graduate,Single,Less than $40K,Blue,21,4,3,2,1585,1535,50,2299,49,0.968
820060758,50,F,1,College,Single,Less than $40K,Blue,45,4,2,4,4785,1965,2820,3651,59,0.411
820047858,44,F,4,Graduate,Unknown,Less than $40K,Blue,39,1,4,2,3017,1868,1149,2096,50,0.619
820044333,39,M,3,College,Divorced,$40K - $60K,Blue,34,3,3,2,2503,2185,318,4157,58,0.873
820036533,50,M,4,Unknown,Married,$80K - $120K,Blue,45,2,1,3,34516,1466,33050,7223,87,0.042
820020258,55,F,1,High School,Single,$40K - $60K,Blue,46,5,3,4,5379,962,4417,1778,40,0.179
819997983,53,M,5,Unknown,Married,$80K - $120K,Blue,48,6,1,0,9517,1869,7648,1453,26,0.196
819979458,35,F,3,Doctorate,Married,Less than $40K,Blue,30,5,2,2,3976,1789,2187,4419,75,0.45
819977058,46,M,2,High School,Single,$40K - $60K,Blue,41,3,3,2,3150,1543,1607,3432,71,0.49
819975183,44,F,4,College,Single,$40K - $60K,Silver,39,2,1,3,17077,2179,14898,7391,75,0.128
819969933,43,F,2,High School,Single,$40K - $60K,Blue,38,4,2,2,5070,0,5070,4193,67,0.0
819966033,32,M,0,Graduate,Single,Unknown,Blue,27,6,3,3,9238,0,9238,2522,68,0.0
819943458,57,M,3,Graduate,Single,$120K +,Blue,52,6,4,3,34516,1000,33516,1777,37,0.029
819752133,41,M,2,High School,Divorced,$80K - $120K,Blue,36,6,2,2,1636,986,650,4695,73,0.603
819714408,44,F,2,Graduate,Married,Unknown,Blue,39,6,3,3,5666,2386,3280,1981,42,0.421
819700533,50,M,0,High School,Single,$120K +,Silver,45,5,2,3,14938,2303,12635,949,27,0.154
819690933,56,M,1,Graduate,Single,$80K - $120K,Blue,51,2,3,1,16835,897,15938,4059,80,0.053
819688458,44,F,5,Graduate,Unknown,Less than $40K,Blue,39,6,3,2,1545,0,1545,2646,39,0.0
819684183,46,F,3,Graduate,Single,$40K - $60K,Blue,41,4,5,3,3492,1546,1946,3043,53,0.443
819647358,38,M,2,Unknown,Single,$60K - $80K,Blue,33,2,3,2,12871,0,12871,2413,53,0.0
819634233,46,F,2,Graduate,Unknown,Less than $40K,Blue,40,5,2,2,6568,0,6568,1507,33,0.0
819631158,54,F,4,Post-Graduate,Married,Less than $40K,Blue,49,3,3,2,2802,2219,583,5924,88,0.792
819628158,42,M,3,Graduate,Single,$60K - $80K,Blue,37,2,3,1,17887,1821,16066,14544,116,0.102
819616383,40,F,3,Uneducated,Divorced,Less than $40K,Blue,35,2,3,3,4772,2004,2768,14748,118,0.42
819612933,52,M,3,Graduate,Single,$80K - $120K,Blue,47,1,3,3,25410,0,25410,5472,70,0.0
819610908,38,M,2,Uneducated,Single,$80K - $120K,Blue,33,1,4,4,32938,2089,30849,1137,26,0.063
819606258,48,M,4,Unknown,Married,$60K - $80K,Blue,43,5,3,3,8737,1629,7108,3876,55,0.186
819409608,39,F,2,Graduate,Married,Less than $40K,Blue,34,4,3,4,2594,0,2594,1457,43,0.0
819376683,54,M,1,Unknown,Single,$80K - $120K,Blue,49,2,3,3,28570,2027,26543,15130,102,0.071
819363708,43,M,1,Post-Graduate,Single,$60K - $80K,Blue,38,4,2,3,2387,1482,905,3909,67,0.621
819352983,49,M,3,Unknown,Unknown,$120K +,Blue,44,5,2,2,21620,2008,19612,1300,33,0.093
819351258,42,F,3,College,Married,Less than $40K,Blue,37,5,4,2,2238,1693,545,5339,86,0.756
819258408,47,F,5,Graduate,Single,Less than $40K,Blue,42,4,2,4,2224,1106,1118,1698,41,0.497
819214233,43,F,3,Graduate,Married,Less than $40K,Blue,38,2,2,2,1530,0,1530,5138,84,0.0
819202533,57,M,1,Doctorate,Married,$80K - $120K,Blue,52,3,2,3,10378,1540,8838,1306,32,0.148
819200133,44,M,3,Graduate,Unknown,$60K - $80K,Blue,39,5,4,3,2991,642,2349,4646,62,0.215
819196158,49,F,2,Unknown,Single,Less than $40K,Blue,44,5,2,3,9797,998,8799,15013,116,0.102
819189108,63,M,0,College,Single,$80K - $120K,Blue,56,6,2,2,9033,0,9033,4456,85,0.0
819169683,34,M,2,Unknown,Married,$40K - $60K,Blue,29,3,2,2,3436,1650,1786,1972,37,0.48
819160158,42,M,3,Uneducated,Married,$40K - $60K,Blue,37,2,3,3,4960,1724,3236,8218,88,0.348
819151083,46,M,5,High School,Single,$60K - $80K,Blue,41,3,3,4,7478,1775,5703,4042,79,0.237
819129858,46,F,2,Graduate,Single,Less than $40K,Blue,41,5,3,0,4745,1270,3475,1519,31,0.268
819117183,34,F,3,Unknown,Married,$40K - $60K,Blue,29,3,2,4,1569,909,660,2169,48,0.579
819109308,62,M,0,Graduate,Divorced,$60K - $80K,Blue,56,1,3,3,6103,2517,3586,8080,92,0.412
819051183,47,F,4,Graduate,Married,Unknown,Blue,42,4,1,3,16349,1925,14424,16207,114,0.118
819002508,31,M,1,Unknown,Single,$40K - $60K,Blue,26,4,1,2,2037,0,2037,2563,64,0.0
818993508,52,F,3,Graduate,Married,Less than $40K,Blue,47,4,4,2,2577,879,1698,5021,75,0.341
818987958,43,M,4,Graduate,Unknown,$40K - $60K,Blue,38,5,1,3,3771,0,3771,14662,125,0.0
818960133,58,M,4,High School,Married,$60K - $80K,Blue,53,1,3,0,13784,698,13086,13120,91,0.051
818942433,54,F,4,Unknown,Divorced,Less than $40K,Blue,49,6,1,1,9376,1288,8088,1562,33,0.137
818930808,36,F,2,Uneducated,Married,Less than $40K,Blue,31,3,2,1,2754,1798,956,3937,70,0.653
818929158,36,M,2,Doctorate,Single,$40K - $60K,Blue,31,3,3,2,11558,0,11558,2220,53,0.0
818926833,34,F,3,College,Married,$40K - $60K,Blue,29,4,1,2,2000,0,2000,1944,42,0.0
818923158,55,M,2,Graduate,Married,$60K - $80K,Blue,50,5,2,4,2145,1207,938,1275,31,0.563
818908833,46,M,3,Graduate,Married,$40K - $60K,Blue,41,5,2,2,2564,0,2564,2038,45,0.0
818906208,32,M,0,High School,Unknown,$60K - $80K,Silver,27,2,2,2,29081,1396,27685,1538,36,0.048
818903583,44,M,5,Uneducated,Divorced,$60K - $80K,Blue,39,5,2,0,16034,1597,14437,3628,59,0.1
818901708,41,F,4,College,Divorced,Unknown,Blue,36,3,1,1,1438,0,1438,4539,90,0.0
818839983,55,M,2,Graduate,Married,$120K +,Blue,50,3,2,0,10916,1536,9380,1592,34,0.141
818814933,58,F,1,Unknown,Single,$40K - $60K,Blue,53,3,3,1,6960,1536,5424,3112,79,0.221
818791833,42,F,3,Graduate,Married,Less than $40K,Blue,37,4,2,1,2730,1303,1427,4750,76,0.477
818770008,49,F,5,Graduate,Single,Less than $40K,Blue,44,6,1,2,8256,864,7392,1291,33,0.105
818767458,41,M,3,Graduate,Married,$120K +,Blue,36,2,3,2,6565,1130,5435,7729,97,0.172
818763033,34,F,3,Graduate,Married,$40K - $60K,Blue,29,6,1,1,6169,2517,3652,4794,71,0.408
818729208,52,M,3,Graduate,Married,$60K - $80K,Blue,47,3,3,3,8185,941,7244,4525,77,0.115
818712633,41,F,3,Graduate,Single,Less than $40K,Blue,36,4,6,2,4133,1067,3066,16100,119,0.258
818710233,41,F,2,Graduate,Married,$40K - $60K,Blue,36,6,2,3,2329,1271,1058,4382,70,0.546
818701383,37,M,3,High School,Married,$60K - $80K,Blue,32,6,2,2,2253,1667,586,1641,45,0.74
818699208,47,F,4,Post-Graduate,Married,Unknown,Blue,42,4,4,4,6451,0,6451,2400,43,0.0
818687958,48,M,2,Graduate,Divorced,$80K - $120K,Blue,43,5,3,2,6383,1436,4947,4462,88,0.225
818502708,51,F,1,Uneducated,Single,$40K - $60K,Blue,46,5,3,2,2284,1674,610,4885,86,0.733
818497758,54,F,3,Graduate,Married,Less than $40K,Blue,49,4,1,3,1906,1271,635,1343,37,0.667
818476383,50,M,1,Unknown,Unknown,$120K +,Silver,45,2,2,0,34516,1514,33002,7333,72,0.044
818459733,41,M,3,Doctorate,Single,$120K +,Blue,26,3,2,2,9220,0,9220,2276,32,0.0
818375733,51,F,2,College,Married,$40K - $60K,Blue,46,3,1,3,4882,695,4187,1544,44,0.142
818336508,50,M,2,Unknown,Single,$120K +,Blue,45,6,2,4,32719,1650,31069,4037,60,0.05
818326083,54,F,3,High School,Married,$40K - $60K,Blue,49,5,1,2,1438,886,552,4385,91,0.616
818322033,41,F,3,Graduate,Married,Less than $40K,Blue,36,6,6,4,2873,1247,1626,3943,80,0.434
818316108,43,F,1,Graduate,Married,Less than $40K,Blue,38,2,2,1,2550,1421,1129,8063,72,0.557
818311533,53,F,3,Uneducated,Single,Less than $40K,Blue,48,5,3,1,4908,1429,3479,3535,65,0.291
818308533,47,M,5,Post-Graduate,Married,Less than $40K,Blue,41,4,2,1,3532,0,3532,3162,56,0.0
818305008,41,F,2,Graduate,Married,$40K - $60K,Blue,36,6,1,3,11239,1375,9864,3978,89,0.122
818294958,52,M,2,College,Married,$120K +,Blue,47,3,3,2,27347,719,26628,4040,77,0.026
818280108,43,F,4,High School,Single,Less than $40K,Blue,38,1,1,1,1820,0,1820,7714,91,0.0
818259558,64,F,0,Graduate,Single,Less than $40K,Blue,56,4,2,3,2294,1582,712,3951,79,0.69
818248383,33,M,2,Doctorate,Married,$60K - $80K,Blue,28,3,3,3,4049,0,4049,1742,35,0.0
818239983,53,M,2,Unknown,Divorced,$80K - $120K,Blue,48,2,1,2,15594,1590,14004,13016,118,0.102
818235408,30,M,0,College,Married,$60K - $80K,Blue,25,2,3,1,19534,0,19534,15634,118,0.0
818045958,46,M,4,Graduate,Single,$40K - $60K,Blue,41,5,3,2,6741,1745,4996,1682,46,0.259
818034558,44,M,2,Unknown,Unknown,$60K - $80K,Blue,39,5,3,3,22075,1506,20569,2337,40,0.068
818007783,49,F,3,College,Married,$40K - $60K,Blue,44,6,2,3,2578,1590,988,4683,89,0.617
817988433,56,M,3,Unknown,Single,$60K - $80K,Blue,51,2,2,2,6941,1013,5928,4097,78,0.146
817977933,63,F,0,Graduate,Single,Less than $40K,Blue,56,5,6,3,1931,1531,400,2288,48,0.793
817970208,45,M,1,Uneducated,Divorced,Less than $40K,Blue,40,4,3,2,2705,1334,1371,4501,67,0.493
817968783,51,F,3,Graduate,Single,Less than $40K,Blue,46,6,3,1,2927,1499,1428,4670,70,0.512
817965858,42,F,4,Unknown,Married,Less than $40K,Blue,37,3,1,3,2757,1785,972,3766,69,0.647
817960533,41,M,4,Unknown,Married,$60K - $80K,Blue,36,5,3,2,1734,857,877,4741,84,0.494
817958733,42,F,2,Uneducated,Married,Unknown,Blue,37,6,1,1,5099,958,4141,4025,73,0.188
817951083,58,F,1,Unknown,Married,$40K - $60K,Silver,53,1,3,3,15928,1527,14401,14678,125,0.096
817925058,50,F,2,Uneducated,Married,Unknown,Blue,45,6,1,4,5660,2401,3259,1932,35,0.424
817908783,44,M,3,Unknown,Single,$120K +,Silver,39,2,3,1,34516,2123,32393,14242,107,0.062
817892208,35,F,2,Doctorate,Single,Less than $40K,Blue,30,5,1,1,1438,0,1438,4006,72,0.0
817889583,61,F,0,Graduate,Single,$40K - $60K,Blue,56,3,3,4,9721,0,9721,2260,46,0.0
817887408,39,F,1,Uneducated,Single,Less than $40K,Blue,34,3,1,4,6904,1148,5756,3485,84,0.166
817686633,26,F,1,College,Single,Less than $40K,Blue,15,5,2,4,1438,737,701,2856,39,0.512
817663908,60,F,1,Graduate,Married,$40K - $60K,Blue,42,5,3,3,5903,1335,4568,1137,27,0.226
817616433,55,F,2,College,Unknown,Unknown,Blue,41,6,2,2,7613,0,7613,4268,69,0.0
817607358,44,F,2,High School,Unknown,Unknown,Gold,35,3,3,3,34516,0,34516,2227,44,0.0
817422408,45,F,3,Uneducated,Single,Less than $40K,Blue,30,3,2,3,2059,1118,941,4110,71,0.543
817382958,47,F,3,High School,Single,Less than $40K,Blue,31,5,1,3,2317,0,2317,4894,89,0.0
817337958,48,F,5,Doctorate,Married,Less than $40K,Blue,33,2,1,3,5814,1176,4638,3796,74,0.202
817332483,63,M,0,Doctorate,Single,Unknown,Blue,47,6,4,3,7306,0,7306,2445,43,0.0
817293258,44,F,4,College,Married,$40K - $60K,Blue,27,1,1,2,3183,2517,666,4017,63,0.791
817288458,33,F,2,Graduate,Single,Less than $40K,Blue,19,3,2,3,5141,1737,3404,5859,82,0.338
817285758,49,M,4,Graduate,Single,$80K - $120K,Blue,33,5,5,3,16435,0,16435,1721,56,0.0
817247658,45,M,3,High School,Unknown,$60K - $80K,Blue,27,6,2,3,21317,0,21317,3814,67,0.0
817245183,51,M,2,Unknown,Unknown,$120K +,Blue,33,6,2,2,19715,1014,18701,1979,40,0.051
817240833,51,F,2,Graduate,Single,Less than $40K,Blue,36,4,3,1,4970,1591,3379,5023,78,0.32
817236708,42,M,3,Uneducated,Married,$60K - $80K,Blue,25,6,2,3,13546,1720,11826,3943,73,0.127
817197333,26,F,1,Uneducated,Single,Unknown,Blue,13,6,2,3,12007,956,11051,2678,50,0.08
817188408,57,M,0,Uneducated,Divorced,$80K - $120K,Blue,39,4,4,3,2795,1832,963,4679,67,0.655
817144458,32,F,2,Graduate,Single,Less than $40K,Blue,17,5,1,2,1438,1228,210,2580,67,0.854
817142433,35,M,3,Graduate,Married,$80K - $120K,Blue,20,5,3,4,8082,2307,5775,1725,29,0.285
817108083,55,M,3,Unknown,Single,$60K - $80K,Blue,35,3,3,3,14266,1341,12925,1625,34,0.094
817094283,43,F,5,Graduate,Married,Less than $40K,Blue,23,5,3,3,8597,903,7694,5173,78,0.105
817089408,44,M,2,College,Married,$60K - $80K,Blue,27,3,1,2,19114,1754,17360,4413,69,0.092
817086783,45,F,3,High School,Married,Less than $40K,Blue,27,4,3,2,2826,2162,664,2005,32,0.765
817041408,56,F,3,High School,Married,Unknown,Blue,41,3,2,3,4169,1549,2620,4519,82,0.372
817038333,55,F,0,Graduate,Married,Less than $40K,Blue,40,4,3,4,1513,725,788,4042,72,0.479
817035108,31,M,2,Graduate,Single,Less than $40K,Blue,14,4,3,3,6933,1870,5063,15585,115,0.27
817029108,47,F,4,Post-Graduate,Single,$40K - $60K,Blue,27,4,6,3,6885,1611,5274,3804,67,0.234
816890883,35,M,2,Uneducated,Single,$60K - $80K,Blue,30,6,3,3,21695,1257,20438,2266,74,0.058
816864483,39,F,4,Uneducated,Single,$40K - $60K,Blue,34,4,2,2,10264,803,9461,4003,74,0.078
816850458,33,M,2,Unknown,Married,$60K - $80K,Blue,28,6,2,4,1698,0,1698,2448,40,0.0
816843933,39,M,2,High School,Married,$80K - $120K,Blue,34,6,3,3,8823,1541,7282,1961,32,0.175
816841083,58,F,3,College,Married,Less than $40K,Blue,53,4,3,1,2493,1566,927,4867,90,0.628
816834933,34,F,4,Graduate,Single,Unknown,Silver,29,6,2,2,30702,673,30029,2652,64,0.022
816832383,61,F,1,High School,Single,Less than $40K,Blue,56,3,2,2,3421,2266,1155,6932,75,0.662
816829608,44,M,2,Unknown,Married,$80K - $120K,Blue,39,6,2,2,1438,0,1438,1495,39,0.0
816826008,41,M,4,Unknown,Married,Less than $40K,Blue,36,1,1,2,1950,998,952,4630,84,0.512
816776283,42,M,4,High School,Unknown,$80K - $120K,Gold,37,5,1,2,34516,1797,32719,1534,30,0.052
816772908,38,M,3,High School,Single,$60K - $80K,Silver,33,6,1,2,34516,1793,32723,4533,78,0.052
816761433,36,M,2,College,Single,$80K - $120K,Blue,31,5,2,3,5821,764,5057,5291,96,0.131
816756783,42,M,2,High School,Unknown,$40K - $60K,Blue,37,6,2,3,2993,2249,744,4106,81,0.751
816615633,47,F,2,Doctorate,Married,$40K - $60K,Blue,42,2,3,1,3256,2035,1221,7075,89,0.625
816613158,48,F,1,Doctorate,Married,Less than $40K,Blue,43,2,3,1,2559,1514,1045,4117,69,0.592
816608808,46,M,1,Graduate,Single,$80K - $120K,Blue,41,4,2,3,8916,0,8916,2773,62,0.0
816606333,57,M,2,High School,Single,$80K - $120K,Blue,52,6,3,4,32409,0,32409,4218,66,0.0
816600933,56,M,0,College,Married,$80K - $120K,Blue,51,3,2,3,14501,0,14501,1031,25,0.0
816596583,45,M,2,Doctorate,Married,$80K - $120K,Blue,40,6,3,1,11710,693,11017,1749,50,0.059
816594183,58,F,2,Uneducated,Married,$40K - $60K,Blue,53,6,2,3,2019,1380,639,2005,62,0.684
816549933,50,M,4,High School,Divorced,$80K - $120K,Blue,45,4,2,2,1687,992,695,4342,82,0.588
816533733,50,M,1,Unknown,Married,$80K - $120K,Blue,45,5,2,2,33951,0,33951,1567,44,0.0
816528333,64,F,0,High School,Single,Less than $40K,Blue,56,6,6,1,2609,1115,1494,4546,59,0.427
816517683,38,F,2,Doctorate,Married,Less than $40K,Blue,33,4,3,3,7530,1336,6194,14719,115,0.177
816513108,54,M,4,Graduate,Married,$60K - $80K,Blue,49,3,1,2,5269,1099,4170,2195,63,0.209
816476658,54,F,2,Unknown,Married,Unknown,Blue,49,2,4,3,1812,1798,14,2921,44,0.992
816378033,46,M,4,Uneducated,Single,$80K - $120K,Gold,41,6,3,2,34516,1104,33412,1989,47,0.032
816328308,60,F,0,Graduate,Married,Less than $40K,Blue,55,2,1,3,3773,0,3773,14264,118,0.0
816325533,39,F,1,Graduate,Married,Less than $40K,Blue,34,6,3,5,6458,1802,4656,2315,49,0.279
816319008,52,F,2,Graduate,Single,Unknown,Blue,47,6,3,3,13276,1917,11359,1901,33,0.144
816315558,38,M,1,High School,Single,$60K - $80K,Blue,33,5,4,1,1503,879,624,4439,77,0.585
816312633,52,F,3,College,Married,$40K - $60K,Blue,47,6,3,3,4717,0,4717,2349,66,0.0
816310158,49,M,4,Uneducated,Unknown,$60K - $80K,Blue,44,1,3,2,12375,2263,10112,14500,106,0.183
816263808,47,M,1,Graduate,Single,$80K - $120K,Blue,31,4,1,2,18026,755,17271,2760,56,0.042
816261858,61,M,0,Graduate,Single,$40K - $60K,Blue,56,2,5,4,3984,2245,1739,1821,39,0.564
816129258,34,F,2,Post-Graduate,Single,Less than $40K,Blue,29,2,3,3,2509,1897,612,4837,74,0.756
816094233,37,M,1,High School,Married,$120K +,Blue,32,6,2,2,17393,1409,15984,1692,38,0.081
816091608,37,F,1,College,Single,$40K - $60K,Blue,32,4,2,3,1976,0,1976,4424,73,0.0
816089433,49,M,4,Doctorate,Married,$60K - $80K,Blue,44,3,1,1,3343,1581,1762,1545,31,0.473
816086508,47,F,2,Unknown,Married,Less than $40K,Blue,42,1,3,3,1438,0,1438,4624,73,0.0
816084333,42,M,2,Unknown,Single,$120K +,Gold,37,5,2,2,34516,1230,33286,3260,63,0.036
816082233,35,M,3,Graduate,Unknown,$60K - $80K,Blue,30,5,1,3,8547,1666,6881,1311,33,0.195
816078708,45,M,3,Unknown,Single,$40K - $60K,Blue,40,3,4,3,5662,1952,3710,4014,61,0.345
816073983,53,F,2,College,Single,Less than $40K,Blue,48,2,2,2,8259,1182,7077,7957,88,0.143
816033783,26,M,0,High School,Single,$60K - $80K,Blue,21,6,2,3,1672,957,715,2099,34,0.572
816013383,65,F,0,Graduate,Divorced,Less than $40K,Blue,56,3,6,3,6184,0,6184,1712,27,0.0
815908908,47,F,4,Uneducated,Single,Unknown,Blue,42,3,4,3,6263,2517,3746,2613,50,0.402
815860008,40,F,3,Uneducated,Married,Less than $40K,Blue,35,5,2,4,3140,2183,957,5109,78,0.695
815851233,52,M,3,High School,Single,$120K +,Blue,47,6,1,3,19032,0,19032,1726,42,0.0
815845758,56,F,4,High School,Married,Less than $40K,Blue,51,4,2,3,1438,0,1438,1354,24,0.0
815840283,51,F,2,Unknown,Married,Less than $40K,Blue,46,1,6,3,7744,1893,5851,16059,124,0.244
815838633,34,M,1,Unknown,Married,$60K - $80K,Blue,29,3,2,3,3890,2286,1604,1889,51,0.588
815830083,53,F,3,Uneducated,Single,Less than $40K,Blue,48,6,2,1,1953,1215,738,4253,72,0.622
815826708,53,F,2,Unknown,Married,$40K - $60K,Blue,48,2,3,3,4442,1107,3335,14437,109,0.249
815812683,47,M,3,Unknown,Single,$120K +,Blue,42,5,3,2,8856,1433,7423,5072,77,0.162
815789883,46,F,3,College,Single,Less than $40K,Blue,41,1,3,2,2485,861,1624,4728,81,0.346
815772333,48,F,2,Unknown,Single,Less than $40K,Blue,43,6,3,3,1438,0,1438,4059,89,0.0
815767983,45,M,0,Graduate,Married,$60K - $80K,Blue,40,4,3,3,1438,0,1438,4869,66,0.0
815761908,46,F,3,Unknown,Married,Unknown,Silver,41,6,3,2,34516,0,34516,3722,72,0.0
815756058,54,F,1,Graduate,Single,Less than $40K,Blue,49,3,2,2,2930,2266,664,4752,72,0.773
815727183,36,M,3,High School,Single,$80K - $120K,Blue,31,6,1,1,5228,1443,3785,2683,62,0.276
815613033,49,M,2,Unknown,Married,Less than $40K,Silver,44,2,2,3,12518,1722,10796,14276,96,0.138
815598858,48,M,3,Graduate,Married,$40K - $60K,Blue,43,5,1,1,2423,1779,644,4035,74,0.734
815596608,48,F,5,Uneducated,Married,$40K - $60K,Blue,43,4,1,3,2866,921,1945,4615,72,0.321
815589558,50,M,2,Post-Graduate,Married,$80K - $120K,Blue,45,6,3,2,1867,1478,389,4097,70,0.792
815582358,47,F,5,Unknown,Unknown,Less than $40K,Blue,42,2,1,2,2519,1584,935,8852,95,0.629
815539233,54,M,4,High School,Single,$80K - $120K,Silver,49,1,3,4,34516,214,34302,1201,22,0.006
815525508,46,F,3,High School,Unknown,Less than $40K,Blue,41,2,1,4,1515,0,1515,3894,60,0.0
815520333,55,M,3,High School,Married,$60K - $80K,Blue,50,2,1,2,5282,1144,4138,13513,115,0.217
815515158,49,F,2,Unknown,Single,$40K - $60K,Blue,44,6,1,3,2147,1402,745,4240,69,0.653
815510883,36,M,2,Post-Graduate,Single,$40K - $60K,Blue,31,3,2,5,11862,2282,9580,2576,74,0.192
815504583,48,F,4,Graduate,Single,$40K - $60K,Blue,43,3,2,4,1538,0,1538,2275,43,0.0
815500983,59,F,1,Uneducated,Married,Less than $40K,Blue,54,5,3,0,2890,2001,889,1860,36,0.692
815498733,51,F,3,Unknown,Single,Less than $40K,Blue,46,3,2,2,4333,1848,2485,7643,85,0.426
815484783,57,M,0,Uneducated,Single,$60K - $80K,Blue,42,6,4,3,8377,1211,7166,1797,44,0.145
815472108,42,M,3,High School,Single,$40K - $60K,Blue,37,3,3,3,2247,1045,1202,1300,31,0.465
815353083,44,M,1,College,Divorced,$80K - $120K,Silver,39,2,3,2,34516,2361,32155,1853,36,0.068
815324433,46,F,4,High School,Married,Less than $40K,Blue,41,6,3,1,1438,0,1438,4200,86,0.0
815320383,46,F,3,Unknown,Unknown,Less than $40K,Blue,41,5,3,2,4710,0,4710,2690,43,0.0
815315058,48,F,4,High School,Married,$40K - $60K,Blue,43,4,2,2,1438,0,1438,2520,45,0.0
815308683,46,M,3,College,Married,$80K - $120K,Blue,41,4,3,1,18927,887,18040,3101,54,0.047
815299833,38,F,2,Graduate,Married,Less than $40K,Blue,33,5,2,3,2228,1717,511,2334,61,0.771
815288583,32,M,0,Graduate,Married,$40K - $60K,Blue,27,3,3,2,4815,1591,3224,2501,36,0.33
815253708,46,F,2,High School,Divorced,Less than $40K,Blue,41,1,2,2,2841,1807,1034,4144,73,0.636
815240358,47,F,3,Uneducated,Married,Unknown,Blue,42,4,1,4,25027,1501,23526,3357,62,0.06
815230458,31,M,1,High School,Divorced,$40K - $60K,Silver,26,1,1,3,15504,1277,14227,14181,126,0.082
815104608,28,F,0,Graduate,Divorced,Less than $40K,Blue,23,5,1,3,3818,584,3234,2947,87,0.153
815091333,48,F,3,Unknown,Married,Less than $40K,Blue,43,3,1,2,3119,2196,923,4705,77,0.704
815088483,28,F,1,Graduate,Divorced,Less than $40K,Blue,23,4,1,3,2543,1156,1387,3864,64,0.455
815085708,60,F,0,High School,Single,$40K - $60K,Blue,55,1,5,5,10882,2517,8365,1861,46,0.231
815078433,42,F,4,Unknown,Married,Less than $40K,Blue,37,2,1,3,6551,1718,4833,13363,99,0.262
815072283,50,F,3,Graduate,Married,Less than $40K,Blue,45,1,3,1,1789,1156,633,5110,75,0.646
815062383,35,F,2,High School,Married,Less than $40K,Blue,30,3,3,1,4549,1193,3356,1914,33,0.262
815015283,43,F,4,Graduate,Married,Less than $40K,Blue,38,4,2,2,2655,1650,1005,4025,62,0.621
815001108,48,M,2,Doctorate,Single,Less than $40K,Blue,43,3,3,2,5945,1685,4260,3598,67,0.283
814995933,58,F,3,Graduate,Married,Less than $40K,Blue,53,5,3,2,5798,1794,4004,1724,45,0.309
814989933,45,F,4,College,Unknown,Less than $40K,Blue,40,1,2,1,1795,1058,737,5575,73,0.589
814987983,37,F,2,College,Single,$40K - $60K,Blue,32,2,1,3,3680,683,2997,4835,77,0.186
814852533,50,M,1,Graduate,Married,$80K - $120K,Blue,45,3,2,2,16813,1185,15628,1482,46,0.07
814845933,62,M,0,Graduate,Single,$80K - $120K,Blue,56,4,3,3,1438,0,1438,3628,74,0.0
814840833,44,M,4,Doctorate,Married,$120K +,Blue,39,4,3,2,7924,2517,5407,2393,37,0.318
814833408,56,M,2,Doctorate,Married,$60K - $80K,Blue,51,3,3,4,6036,1409,4627,1741,45,0.233
814829583,42,F,3,Unknown,Single,Less than $40K,Blue,37,6,1,3,6453,0,6453,4822,74,0.0
814785108,45,F,1,Graduate,Married,Less than $40K,Blue,40,5,3,2,2493,1655,838,4473,76,0.664
814776033,34,M,2,Graduate,Single,$80K - $120K,Blue,29,3,1,3,13395,1678,11717,2650,69,0.125
814765533,44,F,4,High School,Single,$40K - $60K,Blue,39,4,3,3,10587,2517,8070,2971,54,0.238
814760358,53,M,3,Graduate,Unknown,$40K - $60K,Blue,48,2,2,2,14627,1997,12630,7766,82,0.137
814752558,50,M,1,Uneducated,Married,$40K - $60K,Blue,45,5,3,3,2151,1163,988,2513,62,0.541
814611633,47,F,2,Uneducated,Single,Less than $40K,Blue,42,3,1,2,2271,2154,117,4150,69,0.948
814593858,58,M,3,High School,Single,$120K +,Blue,53,4,1,2,6103,1798,4305,1468,34,0.295
814590483,45,F,2,Graduate,Married,$40K - $60K,Blue,40,1,3,3,3592,865,2727,12777,95,0.241
814586958,43,F,2,College,Divorced,Unknown,Blue,38,4,3,2,3264,2042,1222,4624,75,0.626
814571058,30,F,1,College,Single,Less than $40K,Blue,24,4,3,0,3450,2517,933,2545,64,0.73
814529508,39,F,3,High School,Unknown,Unknown,Blue,34,4,3,2,15370,686,14684,4106,71,0.045
814513008,38,M,2,Graduate,Married,$80K - $120K,Blue,33,5,3,3,9620,2033,7587,1735,43,0.211
814497483,60,M,0,Uneducated,Married,$60K - $80K,Blue,55,6,1,2,6479,1393,5086,1618,47,0.215
814489683,34,F,2,Unknown,Single,Less than $40K,Blue,29,3,1,0,5387,795,4592,2596,59,0.148
814483608,47,F,4,Graduate,Divorced,Less than $40K,Blue,42,1,3,3,5798,2517,3281,1860,43,0.434
814471983,42,M,3,High School,Divorced,$80K - $120K,Blue,37,6,3,3,27310,0,27310,1537,41,0.0
814459833,42,F,3,Graduate,Single,Less than $40K,Blue,37,5,3,4,8017,0,8017,3042,55,0.0
814364808,36,F,2,Uneducated,Married,Unknown,Blue,31,5,3,1,3002,1002,2000,2624,46,0.334
814312308,54,F,3,Uneducated,Married,$40K - $60K,Blue,49,5,3,2,5335,1373,3962,1435,29,0.257
814219008,65,M,1,Doctorate,Single,$40K - $60K,Blue,56,5,2,2,1456,867,589,3953,69,0.595
814195758,42,M,1,Graduate,Single,$60K - $80K,Blue,37,4,1,1,2596,1210,1386,4642,78,0.466
814191333,55,M,2,Unknown,Divorced,$120K +,Blue,50,5,4,3,24250,278,23972,2153,41,0.011
814181433,46,M,5,College,Married,$40K - $60K,Blue,41,1,3,2,3914,1683,2231,4242,64,0.43
814092858,49,F,3,Graduate,Unknown,Unknown,Blue,44,5,2,1,2222,694,1528,4372,65,0.312
814091058,38,F,1,College,Single,Less than $40K,Blue,33,6,2,3,3119,2517,602,2492,50,0.807
814086333,36,M,3,College,Married,$40K - $60K,Blue,31,6,2,4,2220,1337,883,1685,44,0.602
813990483,27,F,0,High School,Married,Less than $40K,Blue,22,4,1,2,1864,1384,480,1662,32,0.742
813971283,43,M,4,Unknown,Married,$80K - $120K,Blue,38,5,1,2,2510,1508,1002,3623,63,0.601
813967983,44,F,2,College,Married,$40K - $60K,Blue,39,4,1,2,1701,775,926,4471,71,0.456
813964383,35,M,3,Graduate,Single,$40K - $60K,Blue,30,3,1,3,8969,1226,7743,2568,59,0.137
813961233,30,M,0,Unknown,Single,$80K - $120K,Blue,25,5,2,2,4237,1676,2561,2465,88,0.396
813952233,44,M,3,Graduate,Unknown,Less than $40K,Blue,39,5,2,4,2978,2134,844,1413,46,0.717
813915933,45,M,2,Graduate,Divorced,$40K - $60K,Blue,40,3,3,2,2259,954,1305,1393,35,0.422
813905508,57,F,3,Uneducated,Single,Less than $40K,Blue,52,4,3,3,2002,1188,814,3735,73,0.593
813901458,60,M,1,High School,Single,$60K - $80K,Silver,55,5,5,3,34516,1642,32874,14954,95,0.048
813895458,49,F,0,Unknown,Single,Unknown,Blue,43,6,3,3,2874,0,2874,4617,89,0.0
813890883,44,F,1,Uneducated,Unknown,Less than $40K,Blue,39,4,2,1,1555,0,1555,3811,65,0.0
813814008,53,F,1,High School,Married,Less than $40K,Blue,48,6,3,2,2324,1576,748,1272,37,0.678
813810333,50,M,3,Post-Graduate,Married,$60K - $80K,Blue,45,6,4,3,2049,0,2049,2703,54,0.0
813807258,50,F,2,High School,Married,$40K - $60K,Blue,45,6,3,3,1438,0,1438,4670,82,0.0
813804783,41,F,1,High School,Single,$40K - $60K,Blue,36,4,3,3,2667,0,2667,4399,54,0.0
813764283,39,M,3,High School,Married,$80K - $120K,Blue,34,2,1,2,17978,1820,16158,15657,114,0.101
813755658,60,M,1,Graduate,Single,$80K - $120K,Blue,55,6,2,1,11524,0,11524,3598,72,0.0
813752433,43,F,3,Graduate,Single,Less than $40K,Blue,38,5,2,4,4075,1986,2089,2449,27,0.487
813573333,60,M,1,High School,Married,Less than $40K,Blue,55,5,1,4,2661,1466,1195,1354,25,0.551
813499458,45,M,5,High School,Unknown,$60K - $80K,Blue,40,3,3,1,1438,0,1438,2132,31,0.0
813469458,26,F,1,Graduate,Single,$40K - $60K,Blue,20,6,3,3,1438,673,765,2167,48,0.468
813453408,40,F,5,College,Married,Less than $40K,Blue,35,3,1,3,2448,1693,755,1269,30,0.692
813449508,61,M,0,Graduate,Married,$60K - $80K,Blue,56,6,2,3,9918,850,9068,2485,40,0.086
813435108,49,F,1,Graduate,Single,Less than $40K,Blue,44,5,2,1,3537,0,3537,4726,78,0.0
813427833,45,F,4,Graduate,Single,Less than $40K,Blue,40,3,2,1,2110,844,1266,4812,77,0.4
813380058,64,F,0,Graduate,Single,Unknown,Blue,56,3,2,4,4100,863,3237,3593,51,0.21
813338733,47,F,3,Unknown,Single,Unknown,Blue,42,3,2,2,5884,1382,4502,4477,82,0.235
813261408,52,F,1,Uneducated,Married,$40K - $60K,Blue,47,6,3,3,2151,1338,813,3446,58,0.622
813247083,38,M,2,Graduate,Married,$80K - $120K,Blue,33,4,3,2,16059,618,15441,1357,26,0.038
813240408,45,F,4,High School,Married,Unknown,Blue,39,4,3,2,24880,836,24044,1208,25,0.034
813234108,45,F,3,Uneducated,Married,Less than $40K,Blue,40,4,1,3,2922,1212,1710,3895,70,0.415
813230208,45,M,4,College,Single,$120K +,Blue,40,3,3,3,2900,1782,1118,4686,64,0.614
813213558,53,F,1,Doctorate,Single,Less than $40K,Blue,48,4,3,3,2267,1469,798,3709,64,0.648
813200058,63,M,0,Graduate,Married,$40K - $60K,Blue,56,4,2,5,6500,1786,4714,1497,27,0.275
813182658,49,F,4,High School,Married,Less than $40K,Blue,44,4,2,3,1656,929,727,4408,79,0.561
813153108,49,M,4,College,Married,$80K - $120K,Blue,44,2,3,3,31091,966,30125,14565,108,0.031
813053733,53,M,4,Unknown,Single,$120K +,Blue,48,3,3,4,34516,278,34238,3029,49,0.008
812979408,39,F,0,Unknown,Married,$40K - $60K,Silver,34,3,0,3,15142,0,15142,2458,41,0.0
812973708,42,M,3,High School,Unknown,$40K - $60K,Blue,37,6,2,4,2793,1661,1132,3247,69,0.595
812956983,51,M,3,Graduate,Married,$80K - $120K,Blue,46,6,3,3,3458,1989,1469,3409,59,0.575
812809083,37,F,3,Unknown,Single,Unknown,Blue,32,3,4,4,19636,1566,18070,2595,58,0.08
812801958,55,F,1,Unknown,Married,Less than $40K,Blue,50,5,3,4,3566,1401,2165,2425,54,0.393
812794983,41,F,3,College,Married,Less than $40K,Blue,31,2,2,2,4086,1974,2112,7932,87,0.483
812788233,31,F,0,Graduate,Married,Less than $40K,Blue,21,4,1,4,6315,1305,5010,2205,43,0.207
812785158,42,M,4,Uneducated,Married,Less than $40K,Blue,37,4,3,2,2411,1797,614,4331,63,0.745
812671758,47,F,5,Doctorate,Married,Unknown,Blue,42,3,5,3,4345,2176,2169,2458,44,0.501
812653383,55,F,1,College,Single,$40K - $60K,Blue,50,3,3,3,1843,1520,323,4729,92,0.825
812627208,60,F,0,College,Single,Less than $40K,Blue,55,5,1,3,1438,738,700,1226,33,0.513
812618883,47,M,2,High School,Divorced,Unknown,Silver,42,1,2,2,34516,2019,32497,7774,95,0.058
812597508,39,F,1,High School,Married,$40K - $60K,Blue,34,6,5,3,4489,2498,1991,2153,58,0.556
812534958,40,F,3,High School,Married,$40K - $60K,Silver,34,2,2,2,19000,1568,17432,8443,97,0.083
812501358,46,F,4,Post-Graduate,Divorced,Less than $40K,Blue,41,4,1,1,1752,611,1141,4864,76,0.349
812493033,44,F,3,High School,Single,$40K - $60K,Blue,37,4,1,1,3410,1110,2300,5102,63,0.326
812488608,44,F,3,College,Unknown,Less than $40K,Blue,39,6,1,3,5024,2209,2815,4908,73,0.44
812465958,53,F,3,Post-Graduate,Divorced,Unknown,Blue,48,5,2,2,12286,997,11289,4960,83,0.081
812453283,42,M,3,Graduate,Married,$40K - $60K,Blue,37,2,2,3,3161,1788,1373,13692,117,0.566
812449758,43,M,3,High School,Single,$60K - $80K,Blue,38,2,3,2,12254,0,12254,2129,42,0.0
812446158,54,F,3,Uneducated,Single,Less than $40K,Blue,49,2,2,2,1719,0,1719,4869,65,0.0
812443458,57,M,4,Graduate,Single,$120K +,Blue,52,2,3,2,25808,0,25808,7794,94,0.0
812441358,26,M,1,College,Divorced,$40K - $60K,Blue,21,3,3,2,1438,0,1438,2660,89,0.0
812420358,61,F,0,Graduate,Married,Less than $40K,Blue,56,3,3,3,2122,554,1568,949,17,0.261
812411058,49,F,0,Uneducated,Single,Less than $40K,Blue,44,3,3,2,2094,0,2094,2690,46,0.0
812408058,39,M,2,Unknown,Unknown,$120K +,Blue,34,2,2,2,34516,1082,33434,7845,92,0.031
812406183,45,F,4,Unknown,Single,Less than $40K,Blue,40,5,4,3,1438,0,1438,2207,41,0.0
812247033,51,F,3,Uneducated,Married,Less than $40K,Blue,46,5,5,2,3536,0,3536,3281,39,0.0
812235108,44,F,2,Graduate,Unknown,Less than $40K,Blue,39,2,3,3,4057,755,3302,4301,58,0.186
812230308,47,M,2,Graduate,Married,$40K - $60K,Blue,42,2,3,3,2430,1657,773,8444,100,0.682
812224983,56,M,2,Graduate,Single,$120K +,Blue,51,1,1,2,4675,1340,3335,8037,100,0.287
812222208,54,F,3,Uneducated,Single,Unknown,Blue,49,6,4,3,9733,863,8870,5228,71,0.089
812218908,46,F,2,Unknown,Married,Less than $40K,Blue,36,2,3,2,4065,2517,1548,2899,51,0.619
812089383,41,M,5,Unknown,Single,$80K - $120K,Blue,36,1,2,3,1438,892,546,4426,88,0.62
812019933,65,M,1,Uneducated,Married,$40K - $60K,Blue,56,3,3,2,2468,2021,447,1797,46,0.819
811989858,49,M,4,Uneducated,Unknown,$60K - $80K,Silver,44,6,3,2,32244,0,32244,3501,65,0.0
811980858,36,M,0,Graduate,Married,$60K - $80K,Blue,31,5,1,2,7667,0,7667,1501,35,0.0
811974483,56,M,2,Graduate,Single,$40K - $60K,Blue,51,1,3,1,1466,723,743,5110,86,0.493
811970808,53,F,0,Graduate,Single,Less than $40K,Blue,48,4,3,3,5972,1885,4087,3491,65,0.316
811965558,46,F,4,College,Single,$40K - $60K,Blue,41,2,3,3,13743,0,13743,9406,106,0.0
811942983,55,M,2,High School,Married,$120K +,Blue,50,3,2,3,17627,1756,15871,4836,74,0.1
811915383,36,M,3,Uneducated,Married,$40K - $60K,Blue,31,6,2,2,3152,1986,1166,2530,50,0.63
811912608,52,F,3,Graduate,Married,$40K - $60K,Blue,47,3,2,0,2741,1639,1102,5077,87,0.598
811907583,45,F,4,Uneducated,Single,Unknown,Blue,40,1,2,2,7600,1574,6026,4240,67,0.207
811898133,40,F,3,High School,Divorced,Less than $40K,Blue,35,3,1,3,2555,2117,438,1334,32,0.829
811889808,43,M,3,Graduate,Married,$80K - $120K,Blue,38,3,5,1,23459,2305,21154,7279,83,0.098
811793433,50,F,3,Graduate,Divorced,Unknown,Silver,45,2,1,2,34516,2381,32135,15071,103,0.069
811775883,46,M,4,Graduate,Divorced,$60K - $80K,Blue,41,4,2,1,5397,2336,3061,4734,96,0.433
811762383,42,F,2,Graduate,Married,Less than $40K,Blue,37,4,2,1,2250,1788,462,4908,71,0.795
811721133,62,M,1,High School,Married,$40K - $60K,Blue,56,5,3,3,2359,1242,1117,2021,50,0.526
811713408,58,F,2,High School,Married,$40K - $60K,Blue,53,4,2,3,2642,1249,1393,4897,81,0.473
811705233,45,M,2,Unknown,Single,$40K - $60K,Blue,40,6,4,3,7037,0,7037,4099,71,0.0
811700058,41,M,2,Graduate,Single,$60K - $80K,Gold,36,2,3,3,34516,687,33829,4822,57,0.02
811697958,50,F,4,Unknown,Married,Less than $40K,Blue,45,4,1,4,1488,755,733,4451,65,0.507
811604133,47,F,4,Unknown,Single,Less than $40K,Blue,36,3,3,2,2492,1560,932,1126,23,0.626
811571733,26,F,0,Unknown,Single,Unknown,Blue,13,4,2,2,2600,1876,724,2625,45,0.722
811554708,44,F,3,High School,Married,Unknown,Blue,38,4,6,4,26516,1434,25082,3609,76,0.054
811534983,54,F,3,Graduate,Married,Less than $40K,Blue,49,5,2,4,2031,1069,962,1943,47,0.526
811532208,51,M,4,Graduate,Married,$40K - $60K,Silver,46,3,5,2,16277,1170,15107,3634,62,0.072
811527933,65,F,0,College,Single,Less than $40K,Silver,56,3,4,3,10885,1758,9127,2291,39,0.162
811475733,53,F,1,College,Married,$40K - $60K,Blue,48,2,2,3,3339,0,3339,2432,48,0.0
811467708,33,M,2,Graduate,Married,$80K - $120K,Blue,28,4,2,2,22399,1431,20968,2390,62,0.064
811463283,54,M,0,Graduate,Single,$80K - $120K,Blue,42,3,1,1,22437,1389,21048,3283,50,0.062
811457058,51,F,3,Post-Graduate,Married,Less than $40K,Blue,46,5,3,2,5881,2005,3876,1931,56,0.341
811140933,43,F,2,High School,Married,Less than $40K,Blue,29,4,1,2,2616,1786,830,5219,63,0.683
811111083,56,M,2,High School,Married,$60K - $80K,Blue,51,5,6,3,2863,2517,346,1458,39,0.879
811095483,48,F,4,Graduate,Married,$40K - $60K,Silver,43,3,1,0,21163,2517,18646,1732,35,0.119
811081083,48,F,3,Uneducated,Single,Less than $40K,Blue,43,5,4,2,1532,1183,349,4359,78,0.772
811076883,45,M,3,Graduate,Married,$40K - $60K,Blue,40,1,4,3,7979,0,7979,5056,63,0.0
811035483,47,M,3,Uneducated,Divorced,$120K +,Silver,42,2,4,5,34516,0,34516,1641,35,0.0
811013658,41,M,2,High School,Married,$120K +,Blue,36,4,3,2,10816,871,9945,3221,68,0.081
811005858,33,F,0,Unknown,Married,Less than $40K,Blue,28,4,2,4,1438,0,1438,2914,70,0.0
810986883,45,F,0,High School,Single,Unknown,Blue,40,5,4,0,2557,1898,659,4808,83,0.742
810974958,51,M,2,High School,Married,$60K - $80K,Blue,46,5,3,2,4123,1760,2363,2447,40,0.427
810875958,51,F,3,Graduate,Married,Less than $40K,Blue,46,1,4,3,2016,395,1621,2473,44,0.196
810868758,39,M,3,Uneducated,Married,$40K - $60K,Blue,34,5,1,2,12078,1687,10391,2384,52,0.14
810856833,45,M,4,College,Unknown,$120K +,Blue,40,3,2,2,11962,1025,10937,1907,52,0.086
810789708,38,F,1,Post-Graduate,Single,Less than $40K,Blue,33,4,2,1,2256,0,2256,4587,92,0.0
810667158,40,M,2,High School,Divorced,$40K - $60K,Blue,35,3,1,1,2430,974,1456,4344,75,0.401
810586833,38,F,3,Graduate,Divorced,Unknown,Blue,33,6,2,3,29638,857,28781,3429,78,0.029
810545733,47,F,2,College,Married,Unknown,Blue,42,3,3,3,2373,1480,893,4228,63,0.624
810493458,52,F,1,Uneducated,Single,Unknown,Blue,47,6,1,3,4058,1349,2709,4388,72,0.332
810449883,64,M,0,Unknown,Married,Less than $40K,Blue,56,6,1,0,2215,1915,300,1270,27,0.865
810347208,51,M,4,Unknown,Married,$120K +,Gold,46,6,1,3,34516,2264,32252,1330,31,0.066
810321933,35,M,3,High School,Unknown,$80K - $120K,Blue,30,5,3,3,11229,1054,10175,1898,36,0.094
810271083,47,F,3,Unknown,Single,$40K - $60K,Blue,42,1,5,3,14897,0,14897,2164,53,0.0
810261633,44,M,4,Graduate,Single,$60K - $80K,Blue,39,2,2,3,9682,1727,7955,14991,95,0.178
810220833,42,M,4,Graduate,Unknown,$40K - $60K,Silver,37,3,6,2,15871,2086,13785,1562,43,0.131
810201783,26,F,0,Graduate,Single,$40K - $60K,Blue,17,5,3,3,3119,1328,1791,2740,62,0.426
810040908,42,F,3,High School,Single,Less than $40K,Blue,37,1,3,1,3787,824,2963,16220,120,0.218
809990883,48,F,3,Graduate,Single,Less than $40K,Blue,43,6,2,2,2423,1773,650,2038,64,0.732
809984133,37,M,2,Doctorate,Single,$120K +,Blue,32,3,3,5,32056,1887,30169,2730,68,0.059
809978733,33,F,2,High School,Single,$40K - $60K,Blue,28,3,2,3,1438,746,692,4415,77,0.519
809976033,49,M,2,Uneducated,Married,$60K - $80K,Blue,44,6,3,0,7819,1560,6259,1582,25,0.2
809967783,34,F,4,Graduate,Divorced,$40K - $60K,Blue,26,5,5,3,3038,1539,1499,2189,54,0.507
809966058,48,F,2,Unknown,Married,Less than $40K,Blue,37,4,4,2,2835,1860,975,4569,81,0.656
809962908,48,F,2,Graduate,Single,Unknown,Blue,43,5,3,4,8171,852,7319,1909,52,0.104
809959683,55,M,2,College,Married,$80K - $120K,Blue,50,4,2,4,19159,2108,17051,1813,52,0.11
809954133,49,M,2,Uneducated,Married,$60K - $80K,Blue,44,6,1,3,5013,0,5013,5223,84,0.0
809951133,54,M,3,College,Single,$120K +,Blue,49,3,2,3,34516,0,34516,2115,24,0.0
809941233,53,M,1,Graduate,Married,$80K - $120K,Blue,48,4,1,3,3074,2390,684,1377,38,0.777
809937933,42,F,3,Graduate,Married,$40K - $60K,Blue,37,4,3,2,2470,2013,457,4384,82,0.815
809855808,51,F,2,Graduate,Married,Less than $40K,Blue,46,5,2,2,5207,1650,3557,1339,20,0.317
809849358,55,F,2,Graduate,Divorced,Less than $40K,Blue,50,2,6,3,1720,0,1720,2719,36,0.0
809846283,42,F,1,Unknown,Married,Less than $40K,Blue,37,3,3,0,1438,0,1438,4154,78,0.0
809844108,48,M,2,Doctorate,Single,$60K - $80K,Blue,43,2,1,1,8086,0,8086,4775,78,0.0
809825358,53,F,3,Uneducated,Married,Less than $40K,Blue,48,6,1,3,3428,1566,1862,1155,34,0.457
809818008,36,M,3,Uneducated,Married,$80K - $120K,Blue,31,3,3,5,12893,1620,11273,2300,60,0.126
809811858,43,M,5,High School,Unknown,$80K - $120K,Blue,38,3,3,2,1504,0,1504,2530,43,0.0
809809008,47,F,5,Graduate,Married,Less than $40K,Blue,42,5,1,2,3111,1541,1570,4570,68,0.495
809797158,42,M,2,Uneducated,Single,$80K - $120K,Blue,37,3,3,4,19366,1592,17774,3627,66,0.082
809631483,42,M,3,Post-Graduate,Unknown,$80K - $120K,Blue,37,1,1,3,32106,0,32106,4452,83,0.0
809626983,48,F,3,High School,Married,Less than $40K,Blue,43,3,3,3,1670,0,1670,2790,37,0.0
809620833,35,F,3,Unknown,Single,Unknown,Blue,30,3,3,2,9293,0,9293,2314,59,0.0
809616108,38,F,2,High School,Single,Less than $40K,Blue,33,3,3,3,1568,0,1568,2812,59,0.0
809608533,49,F,4,Post-Graduate,Single,Unknown,Blue,44,6,3,2,18206,1586,16620,1439,48,0.087
809599158,48,M,4,Uneducated,Single,$80K - $120K,Silver,43,2,3,4,34516,0,34516,1626,28,0.0
809589783,41,M,4,Post-Graduate,Married,$40K - $60K,Silver,36,3,3,2,16268,817,15451,13969,120,0.05
809582058,48,M,2,Unknown,Unknown,$40K - $60K,Blue,43,5,2,2,1761,1249,512,4410,73,0.709
809565183,52,F,1,Graduate,Single,Less than $40K,Blue,47,3,3,4,1842,625,1217,2650,43,0.339
809559933,45,F,3,Graduate,Married,Unknown,Blue,40,3,5,3,4462,706,3756,2526,41,0.158
809540733,52,M,2,High School,Married,$80K - $120K,Blue,47,1,1,1,11358,1425,9933,14327,92,0.125
809538783,49,M,1,High School,Single,$120K +,Blue,44,6,2,3,1438,1058,380,4109,72,0.736
809464608,47,F,3,High School,Married,Unknown,Silver,31,3,3,2,34516,2517,31999,2691,42,0.073
809459733,43,F,4,Unknown,Single,Less than $40K,Blue,38,2,1,2,3220,0,3220,13339,90,0.0
809452383,37,F,2,Graduate,Married,Less than $40K,Blue,32,6,1,3,1438,0,1438,4733,89,0.0
809445858,38,F,0,Graduate,Single,Less than $40K,Blue,32,6,3,3,1755,750,1005,5000,79,0.427
809440008,39,F,2,High School,Single,Unknown,Blue,34,3,3,1,2069,550,1519,2716,43,0.266
809425533,45,F,2,Uneducated,Divorced,$40K - $60K,Silver,40,5,2,2,15785,1174,14611,8097,105,0.074
809378133,43,F,3,Uneducated,Single,Less than $40K,Blue,38,6,1,2,1521,0,1521,4880,79,0.0
809363958,49,F,3,High School,Married,$40K - $60K,Blue,44,5,1,2,3881,0,3881,4177,66,0.0
809360883,46,M,4,College,Single,$60K - $80K,Blue,41,3,1,1,17673,1783,15890,3160,59,0.101
809358708,38,M,3,Unknown,Single,$80K - $120K,Blue,33,6,2,2,34516,2135,32381,3514,63,0.062
809342208,26,M,0,Graduate,Single,Unknown,Blue,19,4,1,2,1438,0,1438,2005,47,0.0
809320908,42,M,3,High School,Single,$60K - $80K,Blue,37,3,3,3,5951,0,5951,4160,84,0.0
809311758,40,M,3,Unknown,Single,$60K - $80K,Silver,35,6,3,2,25219,1503,23716,4429,87,0.06
809307108,44,F,1,High School,Single,Unknown,Blue,39,4,3,2,2021,1182,839,4209,77,0.585
809296308,46,M,2,College,Single,$80K - $120K,Blue,41,4,2,0,21526,2332,19194,1313,37,0.108
809292483,44,F,4,College,Married,Less than $40K,Blue,39,4,2,2,8128,1846,6282,1224,32,0.227
809290308,31,F,0,Graduate,Married,Less than $40K,Blue,26,3,1,1,3540,1173,2367,1912,45,0.331
809276808,47,M,4,Graduate,Single,$80K - $120K,Blue,42,1,1,3,7299,0,7299,4678,83,0.0
809169858,62,M,2,Graduate,Single,$60K - $80K,Blue,56,2,3,2,18224,1383,16841,7728,93,0.076
809164083,63,M,1,Graduate,Married,$40K - $60K,Blue,56,2,1,2,2619,1779,840,1450,37,0.679
809147283,43,F,5,Graduate,Married,Less than $40K,Gold,38,2,2,1,15987,1372,14615,15058,109,0.086
809127858,51,F,1,Post-Graduate,Single,$40K - $60K,Blue,46,4,1,3,2275,1219,1056,4807,72,0.536
809092458,36,F,4,Uneducated,Married,$40K - $60K,Blue,31,5,2,3,2517,1336,1181,5211,83,0.531
809071083,60,F,1,Graduate,Single,Less than $40K,Blue,55,4,1,0,2346,2150,196,4592,90,0.916
809068983,40,F,2,Graduate,Married,Less than $40K,Blue,35,3,1,3,3511,0,3511,5238,82,0.0
808981608,50,F,2,Uneducated,Married,Less than $40K,Blue,45,4,1,0,5452,540,4912,4220,66,0.099
808967883,48,F,4,Unknown,Married,Less than $40K,Blue,43,1,1,0,2089,1262,827,5069,76,0.604
808964433,46,F,4,Doctorate,Divorced,Less than $40K,Blue,41,4,1,1,8693,1378,7315,1594,45,0.159
808950108,39,F,2,Graduate,Married,Less than $40K,Blue,34,4,5,2,1438,859,579,4409,72,0.597
808909008,61,M,0,Post-Graduate,Married,Less than $40K,Blue,56,6,3,4,1438,0,1438,1448,31,0.0
808903308,54,F,1,Unknown,Married,$40K - $60K,Blue,49,4,3,6,2471,0,2471,2519,35,0.0
808897683,53,M,1,Graduate,Single,$80K - $120K,Blue,48,3,3,3,30271,1406,28865,3231,47,0.046
808891983,42,F,5,Graduate,Unknown,Less than $40K,Blue,37,2,3,2,6250,1835,4415,4042,60,0.294
808796208,54,F,2,Unknown,Divorced,$40K - $60K,Blue,49,5,3,2,5476,2517,2959,1532,44,0.46
808756458,47,M,3,Graduate,Married,$80K - $120K,Blue,42,6,3,3,13189,1205,11984,3821,83,0.091
808753758,52,M,2,Uneducated,Divorced,$120K +,Blue,47,5,2,2,29695,1525,28170,4109,71,0.051
808750458,32,M,1,Doctorate,Single,$60K - $80K,Blue,27,5,3,3,10029,606,9423,2192,58,0.06
808747233,50,M,2,Doctorate,Married,$120K +,Silver,45,6,3,3,34516,0,34516,2573,55,0.0
808743558,42,F,3,High School,Married,Unknown,Blue,37,3,3,3,4540,2517,2023,4804,66,0.554
808732458,48,M,3,Unknown,Married,$120K +,Blue,43,5,3,0,6626,1558,5068,2838,49,0.235
808705758,43,M,3,Unknown,Unknown,$80K - $120K,Blue,38,6,2,3,20348,1732,18616,1624,27,0.085
808681158,57,M,0,Graduate,Married,$80K - $120K,Blue,52,4,6,4,2564,2379,185,1343,35,0.928
808675083,61,M,1,Graduate,Single,Unknown,Blue,56,5,3,2,4235,1675,2560,3862,76,0.396
808669083,52,F,1,Graduate,Married,Less than $40K,Blue,47,3,1,3,1438,0,1438,5015,68,0.0
808527183,46,F,3,College,Married,Less than $40K,Blue,41,4,1,1,1489,949,540,4669,94,0.637
808292958,26,M,0,Graduate,Single,Less than $40K,Blue,20,6,2,3,1438,495,943,2546,40,0.344
808287408,45,M,5,Graduate,Married,$80K - $120K,Blue,40,1,2,0,29227,1151,28076,8420,100,0.039
808284783,62,F,1,Unknown,Married,Less than $40K,Blue,56,6,0,0,1438,0,1438,1951,44,0.0
808281483,46,F,2,Unknown,Single,Less than $40K,Blue,41,2,3,3,2665,2157,508,4249,76,0.809
808279158,51,M,3,Graduate,Married,$80K - $120K,Blue,46,1,3,1,11765,1429,10336,8914,99,0.121
808273533,39,M,2,High School,Single,$60K - $80K,Blue,34,3,4,3,1818,0,1818,2054,55,0.0
808169358,57,M,2,Uneducated,Single,$40K - $60K,Blue,52,5,3,4,12291,2289,10002,1683,50,0.186
808045833,49,M,3,Uneducated,Single,Less than $40K,Blue,44,2,3,2,7659,1698,5961,15860,105,0.222
807990108,44,M,1,Uneducated,Divorced,$120K +,Blue,39,3,2,3,11362,0,11362,3197,61,0.0
807986133,57,M,2,College,Married,$60K - $80K,Blue,52,5,3,3,6584,1817,4767,1353,35,0.276
807977808,39,F,2,Graduate,Single,Less than $40K,Blue,34,1,3,3,3246,2517,729,13671,103,0.775
807971658,47,F,3,Unknown,Married,Less than $40K,Blue,42,1,2,3,3669,2517,1152,13931,112,0.686
807964908,41,M,4,High School,Married,$60K - $80K,Blue,36,4,2,2,8013,2025,5988,1481,45,0.253
807946833,44,F,2,Graduate,Single,Less than $40K,Blue,39,6,3,3,1791,0,1791,2771,36,0.0
807915408,41,F,2,College,Married,$40K - $60K,Blue,36,6,2,3,6602,0,6602,4479,82,0.0
807722658,51,F,2,Graduate,Single,Less than $40K,Blue,46,3,3,3,2429,1250,1179,4761,99,0.515
807604233,54,M,3,Graduate,Married,$80K - $120K,Blue,49,2,3,3,11114,2482,8632,5044,81,0.223
807600633,44,F,2,Doctorate,Divorced,Unknown,Blue,39,6,4,1,9856,671,9185,5408,83,0.068
807596358,49,M,2,Uneducated,Married,$80K - $120K,Blue,44,6,2,2,13884,1204,12680,4650,70,0.087
807593058,41,F,3,Unknown,Single,$40K - $60K,Blue,36,3,2,4,5317,0,5317,2003,29,0.0
807589908,47,F,5,Unknown,Married,Less than $40K,Blue,42,1,2,1,1778,822,956,4189,80,0.462
807587433,56,F,2,Doctorate,Married,Less than $40K,Blue,51,4,6,5,1438,0,1438,2229,40,0.0
807584958,50,M,3,Uneducated,Married,$60K - $80K,Blue,45,2,2,5,21096,0,21096,1882,39,0.0
807523008,37,M,1,Graduate,Single,Unknown,Blue,32,4,1,3,4397,2007,2390,2473,47,0.456
807426033,37,M,2,Unknown,Single,$60K - $80K,Blue,32,4,1,1,2865,1176,1689,3462,61,0.41
807393558,51,M,4,Unknown,Single,$120K +,Silver,46,2,3,3,34516,1279,33237,4615,49,0.037
807379833,48,M,3,Graduate,Divorced,$40K - $60K,Blue,43,2,3,3,9104,145,8959,2563,34,0.016
807369708,52,M,3,College,Married,$120K +,Blue,47,3,2,4,6355,0,6355,4009,74,0.0
807349158,36,M,4,Doctorate,Divorced,$120K +,Blue,31,4,3,4,34516,1491,33025,2243,60,0.043
807275733,27,M,0,Post-Graduate,Single,Unknown,Blue,22,5,2,2,7130,873,6257,2498,37,0.122
807244983,65,F,0,College,Married,Less than $40K,Blue,56,6,1,2,1438,680,758,2283,55,0.473
807237783,50,M,3,Uneducated,Single,$60K - $80K,Blue,45,5,3,5,20437,1020,19417,4166,66,0.05
807226683,48,M,3,Unknown,Single,$40K - $60K,Blue,43,6,1,3,5279,1115,4164,1642,41,0.211
807209808,48,M,1,High School,Single,$60K - $80K,Blue,40,6,2,2,2319,1630,689,3739,68,0.703
807173358,56,F,0,Post-Graduate,Married,Less than $40K,Blue,51,4,2,3,3617,878,2739,5416,76,0.243
807165033,49,M,3,Post-Graduate,Single,$60K - $80K,Blue,44,3,1,5,15027,0,15027,3533,59,0.0
807161508,26,M,1,Unknown,Single,Less than $40K,Blue,20,6,3,2,2590,1748,842,2804,52,0.675
807157833,56,F,4,Uneducated,Single,Unknown,Blue,51,5,1,1,3334,1272,2062,4284,73,0.382
807149058,48,F,5,Unknown,Married,Less than $40K,Blue,43,1,1,3,2876,1628,1248,4752,80,0.566
807141183,34,M,1,Graduate,Married,$120K +,Blue,29,4,3,2,14938,1412,13526,1930,36,0.095
807137808,45,M,3,High School,Divorced,$60K - $80K,Blue,40,4,1,2,17576,0,17576,3494,67,0.0
807136758,58,F,2,High School,Married,Less than $40K,Blue,53,3,0,2,1944,0,1944,2412,40,0.0
807044958,34,M,3,High School,Married,$40K - $60K,Blue,29,6,3,3,2937,869,2068,2171,45,0.296
807030858,51,M,4,High School,Single,$120K +,Blue,46,6,3,3,34516,2274,32242,1795,47,0.066
807014583,31,F,0,Graduate,Divorced,Unknown,Blue,26,3,3,3,1469,0,1469,4331,89,0.0
806995683,61,M,0,Doctorate,Single,$60K - $80K,Blue,56,4,1,3,4783,2517,2266,2870,50,0.526
806992533,49,F,1,Graduate,Married,Less than $40K,Blue,44,2,1,1,8284,797,7487,13092,102,0.096
806989008,30,F,0,High School,Single,Unknown,Blue,25,4,1,2,12917,1157,11760,4108,82,0.09
806970033,48,M,3,High School,Unknown,$40K - $60K,Blue,43,2,2,3,1753,1434,319,4588,77,0.818
806947308,40,M,4,Post-Graduate,Married,$60K - $80K,Blue,35,3,4,3,20178,1553,18625,1735,44,0.077
806917983,32,F,2,Graduate,Divorced,Unknown,Silver,27,2,3,1,33779,1526,32253,15200,126,0.045
806914158,38,F,4,Graduate,Married,$40K - $60K,Blue,33,4,3,1,4047,0,4047,2134,34,0.0
806908608,46,F,2,Unknown,Married,Less than $40K,Blue,41,5,2,3,1438,0,1438,3942,78,0.0
806900508,53,F,1,High School,Married,Less than $40K,Blue,48,5,3,3,2036,1716,320,4161,75,0.843
806894133,34,F,3,Post-Graduate,Single,Unknown,Blue,29,3,1,4,1617,1347,270,2546,55,0.833
806889633,38,M,2,Uneducated,Married,$80K - $120K,Blue,33,3,1,4,20117,1226,18891,2906,58,0.061
806824908,45,M,2,Unknown,Married,$120K +,Blue,40,4,4,4,16476,1374,15102,4717,71,0.083
806752533,27,F,1,Post-Graduate,Single,Less than $40K,Blue,22,4,1,3,2965,1635,1330,2553,59,0.551
806694333,44,F,4,Unknown,Married,Less than $40K,Blue,39,1,1,1,2771,1779,992,8268,73,0.642
806656083,48,F,2,Graduate,Married,$40K - $60K,Blue,43,3,2,4,9559,1514,8045,4064,70,0.158
806652483,41,F,2,High School,Single,$40K - $60K,Blue,36,4,5,3,1561,1169,392,4391,67,0.749
806649333,47,F,4,High School,Unknown,Unknown,Blue,42,3,3,2,16998,1404,15594,13977,127,0.083
806641683,44,M,3,Uneducated,Married,$80K - $120K,Silver,39,5,2,2,34516,1461,33055,3416,70,0.042
806637558,58,M,1,High School,Married,$60K - $80K,Blue,53,5,2,5,1438,0,1438,1539,40,0.0
806634783,38,F,2,College,Married,Less than $40K,Blue,33,1,3,2,3420,1405,2015,4267,75,0.411
806624208,47,M,4,High School,Married,$40K - $60K,Blue,42,6,0,0,4785,1362,3423,1045,38,0.285
806619333,36,F,3,High School,Single,Less than $40K,Blue,31,4,2,3,2909,2085,824,5154,80,0.717
806432433,40,F,2,High School,Single,$40K - $60K,Blue,35,2,1,2,2544,1713,831,8006,88,0.673
806428908,60,F,1,Graduate,Single,Unknown,Blue,55,3,3,3,13397,0,13397,5049,75,0.0
806415183,51,F,0,Doctorate,Married,Unknown,Blue,46,1,3,3,13623,1432,12191,4534,83,0.105
806407308,54,F,3,College,Single,Unknown,Blue,49,6,2,3,13184,0,13184,2047,33,0.0
806392908,52,F,4,High School,Single,Unknown,Blue,47,6,2,3,7469,2338,5131,1212,33,0.313
806264958,52,F,2,High School,Single,Less than $40K,Blue,47,5,2,3,7030,994,6036,3211,69,0.141
806256333,41,M,4,Graduate,Unknown,$60K - $80K,Blue,36,2,3,5,1438,312,1126,1786,26,0.217
806250783,57,F,2,High School,Married,Less than $40K,Blue,52,6,3,2,1441,0,1441,2742,58,0.0
806244183,39,M,2,Graduate,Divorced,$60K - $80K,Blue,34,5,1,4,2267,0,2267,4544,84,0.0
806232408,54,F,3,Graduate,Married,Unknown,Blue,49,5,1,2,11905,0,11905,4022,65,0.0
806226933,37,M,2,High School,Unknown,$120K +,Blue,32,6,1,1,34516,0,34516,3660,59,0.0
806219808,52,M,3,College,Unknown,$120K +,Blue,47,5,6,3,5119,1972,3147,5146,88,0.385
806189658,50,F,2,Uneducated,Single,Less than $40K,Blue,45,4,2,3,1780,893,887,4630,73,0.502
806179683,63,F,1,College,Single,$40K - $60K,Blue,56,5,3,2,3071,2044,1027,4433,68,0.666
806170158,39,M,4,Graduate,Single,$60K - $80K,Gold,34,3,3,2,34516,542,33974,3899,78,0.016
806165208,47,M,1,Doctorate,Divorced,$60K - $80K,Blue,42,5,2,0,20979,1800,19179,1178,27,0.086
806160108,61,M,1,High School,Married,$40K - $60K,Blue,56,2,2,3,3193,2517,676,1336,30,0.788
806140383,59,M,2,High School,Single,$80K - $120K,Blue,54,3,2,2,2791,2396,395,2658,43,0.858
805546308,65,F,0,High School,Single,Less than $40K,Blue,56,3,3,2,5951,2517,3434,4554,83,0.423
805543158,52,M,3,Graduate,Married,$120K +,Blue,47,5,3,3,11086,2207,8879,1523,40,0.199
805534608,54,F,2,College,Single,$40K - $60K,Blue,49,4,3,3,8769,1314,7455,3817,60,0.15
805524708,52,F,3,High School,Divorced,Less than $40K,Blue,47,3,3,1,6629,2517,4112,2599,50,0.38
805522758,44,F,1,Doctorate,Divorced,Less than $40K,Blue,39,5,2,4,2311,1830,481,1701,33,0.792
805516608,50,M,1,Graduate,Married,$80K - $120K,Silver,45,2,1,3,34516,925,33591,7755,84,0.027
805485933,45,F,3,Graduate,Married,Less than $40K,Blue,40,2,1,3,4010,2517,1493,14354,101,0.628
805461783,47,F,3,Graduate,Divorced,Less than $40K,Blue,42,3,4,0,1438,0,1438,4735,87,0.0
805458933,39,F,2,Graduate,Single,$40K - $60K,Blue,34,6,4,2,13984,632,13352,4727,83,0.045
805453908,33,M,1,High School,Divorced,$40K - $60K,Blue,28,6,1,3,2507,1592,915,4355,79,0.635
805313808,52,F,3,High School,Married,$40K - $60K,Blue,47,2,2,3,8018,134,7884,2409,38,0.017
805282908,43,M,5,Graduate,Unknown,$40K - $60K,Blue,38,3,3,2,7599,1100,6499,4401,71,0.145
805261983,35,F,4,Unknown,Married,Less than $40K,Blue,30,6,3,4,1626,979,647,2847,61,0.602
805259733,55,F,2,Unknown,Married,Unknown,Blue,50,6,1,4,11341,0,11341,1731,46,0.0
805254708,36,F,4,Unknown,Married,Unknown,Blue,31,5,2,0,15700,1276,14424,2229,48,0.081
805229133,46,M,3,Unknown,Unknown,$80K - $120K,Blue,41,1,2,2,11250,0,11250,4514,70,0.0
804867183,37,M,3,Unknown,Married,$60K - $80K,Blue,30,6,2,4,16043,0,16043,2599,47,0.0
804847308,64,F,0,Graduate,Single,$40K - $60K,Blue,56,6,2,1,1564,0,1564,4018,69,0.0
804840033,45,M,2,College,Married,$60K - $80K,Blue,38,4,6,4,16611,0,16611,1960,48,0.0
804833058,49,M,3,Unknown,Single,$80K - $120K,Blue,44,1,3,4,4384,0,4384,1832,49,0.0
804829533,59,M,0,High School,Single,$60K - $80K,Blue,54,3,6,6,24621,471,24150,2864,51,0.019
804820233,38,M,2,Unknown,Divorced,$80K - $120K,Blue,33,6,3,2,11777,1781,9996,2763,62,0.151
804708633,44,F,3,Uneducated,Single,Less than $40K,Blue,39,3,2,2,7323,0,7323,4666,87,0.0
804673308,49,M,5,Uneducated,Married,$40K - $60K,Blue,44,2,3,4,3893,0,3893,1866,37,0.0
804670758,48,F,5,Unknown,Divorced,Unknown,Blue,43,4,3,2,20974,2249,18725,15903,121,0.107
804668658,26,F,0,Uneducated,Single,Less than $40K,Blue,20,3,2,4,1438,0,1438,947,20,0.0
804663258,54,M,2,High School,Married,$80K - $120K,Blue,49,3,1,4,14015,2065,11950,1903,49,0.147
804661083,50,M,0,Graduate,Single,$80K - $120K,Blue,45,3,2,2,2135,1506,629,4821,77,0.705
804658833,53,F,3,Unknown,Married,Less than $40K,Blue,48,5,1,2,1657,0,1657,4068,73,0.0
804649833,42,M,3,Post-Graduate,Married,$40K - $60K,Blue,29,3,3,4,2533,1126,1407,3436,74,0.445
804610908,49,F,2,Doctorate,Married,Less than $40K,Blue,44,4,3,0,3397,1962,1435,3295,66,0.578
804606033,46,M,4,High School,Unknown,$40K - $60K,Blue,41,6,1,2,8738,1172,7566,3121,60,0.134
804601833,44,M,2,High School,Unknown,$60K - $80K,Silver,39,1,2,3,34516,1601,32915,7491,86,0.046
804598908,35,M,3,Graduate,Single,$80K - $120K,Blue,25,3,2,3,6510,2055,4455,2238,49,0.316
804595158,44,F,4,Graduate,Single,Less than $40K,Blue,36,6,4,2,7000,2517,4483,1112,23,0.36
804583833,56,F,2,High School,Married,Unknown,Blue,51,4,1,3,1796,1243,553,4316,87,0.692
804577833,44,F,2,Graduate,Married,Less than $40K,Blue,39,5,1,0,6861,2101,4760,3974,63,0.306
804481608,37,F,1,Unknown,Single,Less than $40K,Blue,32,6,3,3,9661,0,9661,2825,60,0.0
804462633,43,F,3,High School,Divorced,Less than $40K,Blue,38,3,3,3,7084,0,7084,2287,44,0.0
804437658,42,F,3,Doctorate,Married,Less than $40K,Blue,36,4,2,1,9778,2154,7624,3413,66,0.22
804434058,47,M,1,College,Married,$60K - $80K,Silver,42,6,4,2,27437,0,27437,4660,79,0.0
804431283,57,F,1,Graduate,Married,Less than $40K,Blue,52,5,1,2,7882,1101,6781,14651,120,0.14
804428958,47,M,1,Graduate,Married,$40K - $60K,Blue,42,3,2,1,1626,0,1626,4847,78,0.0
804426858,35,F,1,Uneducated,Married,Less than $40K,Blue,30,3,2,1,2593,1660,933,1974,33,0.64
804424383,63,M,1,Unknown,Married,$60K - $80K,Blue,56,3,3,2,10215,1010,9205,1904,40,0.099
804415083,45,M,3,Unknown,Married,$60K - $80K,Blue,40,3,5,3,4097,655,3442,2611,51,0.16
804413508,41,M,1,High School,Single,$80K - $120K,Blue,36,6,2,3,12084,1638,10446,4506,90,0.136
804403908,50,M,3,Graduate,Single,$60K - $80K,Blue,45,4,2,3,21872,1118,20754,1806,31,0.051
804371733,40,M,2,Uneducated,Married,$80K - $120K,Blue,29,5,2,3,9109,1347,7762,3991,84,0.148
804359133,55,M,0,High School,Married,$120K +,Blue,49,5,3,3,3805,2233,1572,1743,27,0.587
804344733,46,F,3,Unknown,Single,Less than $40K,Blue,41,3,2,2,1937,916,1021,4303,89,0.473
804337233,45,F,4,High School,Single,Less than $40K,Blue,35,3,2,2,1502,0,1502,4890,61,0.0
804310758,58,M,3,Graduate,Married,$120K +,Blue,52,5,2,5,17934,1578,16356,2005,48,0.088
804158583,60,M,1,High School,Married,Less than $40K,Silver,55,2,2,3,13399,1456,11943,16493,122,0.109
804045933,36,M,0,Graduate,Married,$80K - $120K,Blue,30,5,3,2,5302,2414,2888,4284,74,0.455
803977008,39,M,2,Unknown,Married,$60K - $80K,Blue,34,6,2,4,5219,1826,3393,1715,35,0.35
803973483,49,F,3,Unknown,Single,Less than $40K,Blue,44,4,2,4,1546,0,1546,4496,83,0.0
803968233,39,F,2,Uneducated,Married,Less than $40K,Silver,34,3,3,3,14386,2517,11869,13377,114,0.175
803963808,39,M,3,Graduate,Single,$80K - $120K,Blue,34,4,3,5,19074,0,19074,3762,74,0.0
803957508,52,M,2,Unknown,Single,$80K - $120K,Blue,47,6,1,3,15904,1024,14880,1433,33,0.064
803952408,52,F,3,Uneducated,Married,Less than $40K,Blue,47,6,3,2,2516,1486,1030,3987,77,0.591
803938908,49,F,4,Uneducated,Single,Less than $40K,Blue,44,4,2,2,2659,0,2659,4546,81,0.0
803880108,47,F,3,High School,Single,$40K - $60K,Blue,41,6,5,3,1721,1355,366,4474,58,0.787
803833608,40,M,3,Uneducated,Single,$40K - $60K,Silver,33,4,1,3,21308,564,20744,1322,38,0.026
803805483,46,F,3,College,Married,Unknown,Blue,40,3,3,3,10600,0,10600,4697,67,0.0
803800533,39,M,1,Unknown,Single,$40K - $60K,Blue,33,3,3,4,2088,975,1113,2866,59,0.467
803796708,52,M,3,Uneducated,Unknown,$120K +,Blue,46,2,4,4,13354,0,13354,1097,28,0.0
803776533,46,M,2,Post-Graduate,Single,$60K - $80K,Blue,41,3,3,2,10077,0,10077,2118,52,0.0
803665983,52,M,0,Unknown,Married,$60K - $80K,Blue,46,3,2,4,2742,2184,558,3829,72,0.796
803657133,60,M,1,Graduate,Single,$40K - $60K,Blue,54,6,3,3,1848,1408,440,4757,75,0.762
803655333,53,M,2,Post-Graduate,Single,$60K - $80K,Silver,47,1,3,3,29038,2295,26743,12025,103,0.079
803652633,47,F,2,Uneducated,Single,Less than $40K,Blue,41,4,2,2,2092,1575,517,5124,70,0.753
803648508,43,M,4,High School,Unknown,$80K - $120K,Blue,37,4,2,3,13882,758,13124,1646,42,0.055
803606958,57,F,3,Graduate,Single,Less than $40K,Blue,52,5,5,0,3085,0,3085,3946,73,0.0
803595858,56,F,3,High School,Married,$40K - $60K,Blue,51,5,2,1,1438,0,1438,594,14,0.0
803587533,33,M,1,Uneducated,Single,$60K - $80K,Blue,28,6,3,4,2618,1812,806,3319,86,0.692
803421108,49,M,4,Graduate,Single,$80K - $120K,Blue,43,1,2,2,20701,2517,18184,14374,113,0.122
803418783,40,M,4,Graduate,Married,$60K - $80K,Blue,35,5,4,1,9974,2185,7789,4680,87,0.219
803415183,44,M,3,Unknown,Single,$80K - $120K,Silver,38,3,3,1,34516,657,33859,4614,76,0.019
803408733,32,M,2,High School,Divorced,$60K - $80K,Blue,26,6,1,4,2239,1338,901,2466,60,0.598
803406558,30,F,1,Uneducated,Single,Unknown,Blue,24,3,5,4,7536,1272,6264,4189,86,0.169
803398983,35,F,3,Unknown,Divorced,Less than $40K,Blue,29,4,2,3,1511,864,647,4823,64,0.572
803380383,46,F,5,Graduate,Divorced,Less than $40K,Blue,40,3,3,3,1592,925,667,4615,90,0.581
803366358,38,M,1,Unknown,Single,$60K - $80K,Blue,29,5,2,1,14596,2192,12404,1300,25,0.15
803355408,50,M,2,Unknown,Married,$60K - $80K,Blue,44,5,3,1,2205,1659,546,4813,77,0.752
803347908,34,F,1,Graduate,Single,Less than $40K,Gold,28,4,3,2,15987,0,15987,2327,65,0.0
803342358,55,M,3,Graduate,Married,$60K - $80K,Blue,49,3,1,4,5668,2517,3151,3382,56,0.444
803339583,49,F,2,Post-Graduate,Married,Less than $40K,Blue,44,4,4,2,1644,0,1644,4898,82,0.0
803335008,48,F,2,Graduate,Divorced,Unknown,Blue,43,2,3,3,7791,1472,6319,13945,107,0.189
803319633,51,F,2,High School,Married,Less than $40K,Blue,45,4,3,2,3183,1358,1825,3988,81,0.427
803231058,53,M,3,High School,Single,Less than $40K,Blue,47,5,1,1,3351,1474,1877,4294,66,0.44
803216433,43,F,5,Graduate,Married,Less than $40K,Silver,33,6,3,2,14806,2517,12289,4804,57,0.17
803214108,33,F,0,High School,Single,Unknown,Blue,27,6,1,1,2252,1826,426,5055,68,0.811
803205258,51,F,3,Graduate,Single,Unknown,Blue,45,4,3,4,2420,2379,41,4348,86,0.983
803197833,49,F,1,Post-Graduate,Divorced,$40K - $60K,Blue,44,6,5,2,2597,1871,726,3637,69,0.72
803148033,54,M,1,College,Married,$80K - $120K,Blue,48,6,1,5,12169,1935,10234,1599,38,0.159
803132733,54,F,1,Graduate,Married,Less than $40K,Blue,48,4,3,2,6814,1570,5244,1339,30,0.23
803124408,41,F,3,Unknown,Married,Unknown,Blue,35,2,3,5,11538,0,11538,1926,53,0.0
803115258,62,M,0,College,Unknown,$40K - $60K,Blue,56,2,6,2,3477,0,3477,2113,40,0.0
803113383,55,F,1,Uneducated,Single,Less than $40K,Blue,49,3,4,3,3292,0,3292,2222,54,0.0
803097333,41,M,2,Graduate,Married,$80K - $120K,Blue,35,3,3,4,10873,1514,9359,5089,82,0.139
803043933,44,F,3,Uneducated,Divorced,Less than $40K,Silver,38,4,1,3,11127,1835,9292,1546,25,0.165
803028858,38,F,2,Graduate,Single,Less than $40K,Blue,32,2,3,3,3775,0,3775,2031,36,0.0
803026008,48,M,3,Unknown,Married,$80K - $120K,Blue,42,3,6,2,6805,1448,5357,3463,65,0.213
802937058,53,M,1,Graduate,Married,$80K - $120K,Blue,47,3,3,1,2540,1859,681,4480,80,0.732
802890333,59,M,1,Uneducated,Married,$40K - $60K,Blue,53,5,1,3,2182,1558,624,1660,34,0.714
802884933,61,M,1,Graduate,Married,$60K - $80K,Blue,55,6,2,3,3264,1348,1916,1665,32,0.413
802878408,53,F,1,Graduate,Married,$40K - $60K,Blue,47,6,2,2,2799,0,2799,4116,88,0.0
802875333,51,M,1,High School,Single,$60K - $80K,Blue,45,3,3,4,2458,0,2458,3377,54,0.0
802867683,53,F,2,High School,Single,$40K - $60K,Blue,47,5,2,3,1536,728,808,4133,78,0.474
802856508,42,M,2,Graduate,Single,$80K - $120K,Blue,36,6,3,1,26690,0,26690,4363,76,0.0
802834158,42,M,4,Unknown,Married,$60K - $80K,Blue,36,3,2,2,6743,1737,5006,1934,30,0.258
802822833,51,M,3,Uneducated,Unknown,$80K - $120K,Blue,45,5,2,2,21328,0,21328,3825,76,0.0
802817358,38,F,3,High School,Married,Unknown,Blue,32,4,2,1,11594,2072,9522,2320,51,0.179
802795608,54,F,2,High School,Single,Less than $40K,Blue,48,1,3,2,1517,556,961,4981,82,0.367
802675983,42,F,3,Graduate,Married,Less than $40K,Blue,33,2,3,1,3794,1544,2250,7872,80,0.407
802673508,57,M,2,Graduate,Single,$120K +,Blue,51,3,5,3,8760,0,8760,2460,39,0.0
802668333,49,M,2,Graduate,Single,$80K - $120K,Blue,43,2,3,3,2384,1919,465,3512,50,0.805
802666083,48,F,2,Uneducated,Unknown,Less than $40K,Blue,42,3,2,2,2055,0,2055,3656,63,0.0
802662858,55,F,2,Graduate,Divorced,Less than $40K,Blue,49,5,1,4,3949,2024,1925,3495,64,0.513
802622733,44,F,4,Uneducated,Single,$40K - $60K,Blue,34,1,3,3,3657,0,3657,14802,95,0.0
802600233,51,F,2,Graduate,Single,$40K - $60K,Blue,45,5,1,3,1438,869,569,4124,59,0.604
802464033,65,F,0,Graduate,Married,Less than $40K,Blue,56,6,3,3,4460,1262,3198,1877,41,0.283
802460433,57,F,3,High School,Married,Unknown,Blue,51,2,5,2,1438,0,1438,2607,37,0.0
802455633,56,F,1,Unknown,Single,Less than $40K,Blue,50,4,4,1,1698,0,1698,4371,74,0.0
802449933,29,M,1,Uneducated,Married,$40K - $60K,Blue,23,1,3,1,8147,1750,6397,14912,114,0.215
802276683,56,M,3,Graduate,Married,$80K - $120K,Blue,50,3,3,3,8022,1372,6650,1794,31,0.171
802247658,59,M,2,Uneducated,Single,$40K - $60K,Blue,53,4,5,4,2699,2422,277,2599,43,0.897
802243458,48,M,2,Doctorate,Single,$40K - $60K,Blue,42,6,3,2,2760,0,2760,1759,34,0.0
802101858,40,F,2,Unknown,Married,Less than $40K,Blue,34,3,3,3,4757,1978,2779,4220,71,0.416
802087683,32,M,0,Post-Graduate,Married,$60K - $80K,Blue,26,6,2,3,5478,1491,3987,2456,55,0.272
802031583,53,M,2,Uneducated,Single,$80K - $120K,Blue,47,6,1,1,22855,0,22855,3711,83,0.0
802013583,56,M,3,College,Married,$120K +,Blue,50,3,2,0,9689,2250,7439,1158,19,0.232
802002858,62,F,1,High School,Married,Unknown,Blue,56,2,1,2,8990,0,8990,747,19,0.0
801994458,58,M,1,Unknown,Single,$40K - $60K,Blue,52,3,2,3,3880,2517,1363,3163,65,0.649
801989733,55,M,2,Uneducated,Single,$60K - $80K,Blue,48,6,3,2,7667,1193,6474,3915,76,0.156
801977733,40,F,2,High School,Single,Less than $40K,Blue,34,4,2,2,2395,1437,958,4481,82,0.6
801786483,51,M,0,High School,Single,$80K - $120K,Blue,45,3,2,3,10648,2517,8131,4930,89,0.236
801783108,46,M,3,College,Married,$120K +,Blue,40,6,3,3,1438,0,1438,4833,69,0.0
801728658,53,M,2,Graduate,Single,$60K - $80K,Blue,47,6,3,0,13848,1389,12459,1773,38,0.1
801726933,34,M,2,Graduate,Married,$120K +,Blue,28,4,3,3,13384,1853,11531,1899,33,0.138
801715383,45,M,4,Graduate,Married,$60K - $80K,Blue,39,6,3,2,12890,0,12890,2216,51,0.0
801709308,44,F,4,Uneducated,Married,Unknown,Blue,38,6,1,2,5366,968,4398,4558,56,0.18
801700233,36,M,2,Graduate,Single,$120K +,Blue,28,4,3,0,3174,2462,712,3140,74,0.776
801518958,56,F,1,Graduate,Married,Unknown,Blue,50,2,3,3,5338,0,5338,4139,69,0.0
801516183,52,F,4,Graduate,Single,Less than $40K,Blue,46,3,3,3,3231,2215,1016,4610,90,0.686
801508383,48,M,2,Graduate,Married,$80K - $120K,Blue,42,6,3,2,25658,1721,23937,4498,85,0.067
801502008,37,M,1,Graduate,Married,$60K - $80K,Blue,31,5,1,2,20144,1195,18949,14287,106,0.059
801499908,43,F,4,Graduate,Married,Less than $40K,Blue,37,4,3,2,4724,2056,2668,1232,31,0.435
801497508,56,F,1,Graduate,Married,Less than $40K,Blue,50,4,3,2,1584,1311,273,4203,73,0.828
801385458,52,M,1,Uneducated,Married,$120K +,Blue,46,5,2,4,8596,2019,6577,4017,80,0.235
801383808,50,M,3,Graduate,Single,$60K - $80K,Blue,44,4,2,3,23090,839,22251,1198,24,0.036
801380808,44,M,2,Doctorate,Married,$80K - $120K,Blue,38,1,2,1,25894,2517,23377,4847,49,0.097
801373833,49,M,4,College,Divorced,$40K - $60K,Blue,43,3,2,3,1922,710,1212,2920,46,0.369
801369258,47,F,5,Post-Graduate,Married,$40K - $60K,Blue,41,6,2,2,4466,777,3689,1757,59,0.174
801366783,51,F,1,College,Single,Less than $40K,Blue,45,3,3,2,4860,1772,3088,4329,80,0.365
801363633,60,F,2,Graduate,Married,Unknown,Blue,54,1,2,2,3356,1664,1692,5200,81,0.496
801083133,57,F,4,Uneducated,Single,Less than $40K,Blue,51,5,3,3,3545,1446,2099,3691,69,0.408
801064833,42,M,3,Graduate,Married,$80K - $120K,Blue,36,1,1,2,30117,2129,27988,7930,91,0.071
801056358,51,M,1,High School,Single,$80K - $120K,Blue,45,6,1,3,13287,1864,11423,3851,75,0.14
801053208,39,F,3,High School,Married,Less than $40K,Blue,33,3,3,1,1968,1270,698,4199,84,0.645
801048483,34,M,3,Uneducated,Divorced,$120K +,Blue,28,4,3,3,9180,1814,7366,2646,49,0.198
801037833,38,M,2,Uneducated,Single,$80K - $120K,Blue,32,6,2,3,3192,2517,675,4236,87,0.789
801036033,31,M,0,High School,Single,$40K - $60K,Blue,25,3,2,3,4493,1388,3105,17744,104,0.309
800869758,49,M,3,Unknown,Married,$80K - $120K,Blue,43,6,1,1,2191,1414,777,3967,76,0.645
800758233,30,M,0,College,Single,$60K - $80K,Blue,24,6,2,2,4109,0,4109,8642,77,0.0
800164083,53,M,1,Uneducated,Unknown,$120K +,Blue,47,4,2,2,20783,1257,19526,3819,76,0.06
799825758,42,M,4,High School,Divorced,$60K - $80K,Blue,36,5,1,2,3263,1674,1589,1251,35,0.513
799731033,34,F,2,Doctorate,Single,Less than $40K,Blue,28,3,3,2,1438,0,1438,3044,91,0.0
799723908,46,M,3,High School,Married,$80K - $120K,Blue,40,4,3,3,19458,1435,18023,1217,27,0.074
799720158,50,M,1,Graduate,Single,$80K - $120K,Blue,44,3,3,2,3370,1133,2237,4726,86,0.336
799717458,42,F,3,Unknown,Married,Less than $40K,Blue,36,2,3,3,2515,1453,1062,4025,74,0.578
799711833,50,F,3,College,Married,Unknown,Blue,44,2,1,3,24735,2296,22439,7910,95,0.093
799707858,50,F,1,High School,Married,Less than $40K,Blue,42,6,1,2,7115,2000,5115,3584,57,0.281
799700208,38,M,2,Graduate,Single,$60K - $80K,Silver,32,5,1,1,26988,1587,25401,3732,70,0.059
799498158,31,M,1,Post-Graduate,Married,$60K - $80K,Blue,22,5,1,3,2685,1580,1105,1642,36,0.588
799486158,39,F,1,Graduate,Married,Less than $40K,Blue,29,4,2,4,1438,949,489,4222,65,0.66
799475658,51,F,3,Uneducated,Married,Less than $40K,Blue,45,3,3,3,2238,1300,938,4508,79,0.581
799471833,45,M,1,Uneducated,Single,$120K +,Blue,39,4,2,2,3133,1510,1623,1435,38,0.482
799468083,51,M,2,Graduate,Married,$40K - $60K,Blue,45,2,2,2,11467,1146,10321,14373,97,0.1
799253808,42,M,3,High School,Married,$80K - $120K,Silver,36,5,2,3,34516,1294,33222,13845,120,0.037
799249833,34,M,2,Graduate,Single,Less than $40K,Blue,28,5,1,4,4439,844,3595,2858,71,0.19
799242033,45,M,4,Doctorate,Married,$80K - $120K,Blue,39,2,3,2,1438,1162,276,4598,86,0.808
799239033,53,F,3,High School,Single,$40K - $60K,Blue,47,1,3,4,1714,0,1714,2279,46,0.0
799224108,46,F,4,Graduate,Single,Less than $40K,Blue,40,5,1,2,6265,1942,4323,1715,43,0.31
799031958,49,M,2,Unknown,Unknown,$80K - $120K,Blue,43,5,2,2,18379,999,17380,4122,70,0.054
799026633,56,M,1,Uneducated,Married,$120K +,Blue,50,4,3,5,16254,1518,14736,2502,55,0.093
799020258,44,M,2,Uneducated,Divorced,$60K - $80K,Blue,38,2,1,2,16553,0,16553,4797,82,0.0
799011558,43,M,3,Uneducated,Married,$120K +,Blue,37,1,2,3,16909,1171,15738,15740,120,0.069
799000008,57,M,2,Post-Graduate,Divorced,$120K +,Blue,51,4,1,1,26437,1472,24965,1244,36,0.056
798996183,61,F,0,Unknown,Married,Less than $40K,Blue,55,4,2,3,2194,1512,682,4069,80,0.689
798988983,51,F,2,Uneducated,Married,Less than $40K,Blue,45,6,3,2,7165,2037,5128,3553,78,0.284
798983508,43,M,1,Graduate,Single,$80K - $120K,Silver,37,4,3,2,34516,1440,33076,1575,34,0.042
798972183,49,F,2,Unknown,Single,$40K - $60K,Blue,43,1,3,2,1643,526,1117,2520,38,0.32
798962058,36,F,5,Graduate,Married,Less than $40K,Blue,30,3,3,3,3103,2399,704,1836,48,0.773
798917883,42,F,4,College,Single,Less than $40K,Blue,36,2,3,2,4150,2517,1633,4620,76,0.607
798796233,37,F,3,High School,Married,$40K - $60K,Blue,31,5,3,3,1586,1038,548,1724,24,0.654
